ID,SUMMARY
6486,"차이나 리스크, 장·단기 구분해 대응해야"
6487,17개 시도 중 서울·경기 등 15곳 진도율 작년에 못 미쳐
6488,"금감원, 금융권 익스포저 긴급 점검…""극히 미미, 영향 제한적"""
6489,그래서 그런지 양산을 쓰는 남자를 이미 흔히 볼 수 있다고 합니다
6490,"결과적으로 국내 증시가 초전도체주 이슈로 떠들썩해진 지난달 말 이후 종목 보고서는 없으며, 관련 보고서는 이달 9일 유안타증권이 발간한 ‘손바뀜도 초전도더라-제2의 시타델 DMA 사태 우려’ 리포트 한 건 뿐이다."
6491,광복절 한국 주식시장이 잠시 쉬는 사이 중국에서 부동산업계 채무불이행(디폴트) 우려와 부진한 경제지표가 겹치면서 중국발 금융위기가 발생할 수 있다는 불안감이 시장에 퍼졌습니다
6492,"한편, 추후 증여세 부과가 예상되는 금전 거래가 이뤄질 경우, 자진신고를 하는 것도 세금 절약에 도움이 될 수 있다"
6493,박 이사는 최근 한국 기업에서도 일본의 상호주 문제가 나타나고 있다고 경고했다
6494,그런 의미에서 박 이사는 “올해 삼성전자가 협력사 등 공급망에서 배출한 온실가스를 측정해 선제적으로 스코프3를 공시한 건 의미 있는 선례”라고 국내 기업들의 참여를 독려했다
6495,우크라·유엔 ·EU '재건수요 평가' 공동보고서
6496,"전력거래소 평균 정산단가 추이를 보면 ㎾h당 지난 1월 162원, 2월 165원, 3월 170원 등으로 상승 추세였다가 4월 128원, 5월 118원으로 급락했다"
6497,"재유행에 늦춘 4급 전환·일상회복 다시 속도…자문위 ""이달 안 정리 타당"""
6498,월 13조원씩 간편결제 쓴다
6499,"김필수 대림대학교 미래자동차학부 교수는 “세계 시장에서 전기차 판매량 상승세가 주춤한 이유는 충전 인프라 부족도 영향을 미치겠지만, 무엇보다 상대적으로 비싼 차량 가격이 한몫을 차지한다”며 “보조금 규모가 점차 줄어들고 있는 상황 속에서 시장 선점을 위한 업체 간 가격 경쟁은 갈수록 더 치열해질 것으로 예상된다”고 말했다"
6500,이날 진 회장은 “그룹 차원의 통합적ㆍ체계적 소비자보호 전략 수립을 통한 신속한 대응 및 그룹사 간 소비자보호 협력 체계 구축을 위해 하반기에 소비자보호부문을 신설했다”며 “금융소비자보호는 고객에게 직접적인 영향을 미칠 수 있는 실천으로 이어져야 한다”고 말했다. 이어 “이를 위해 신한금융만의 탁월한 소비자보호체계를 갖출 수 있도록 전력투구할 것”이라고 강조했다
6501,전기차 인프라 부족이 판매 걸림돌로
6502,"오는 2030년 ‘전기차 1위 기업’을 목표로 하고 있는 현대자동차그룹은 LG에너지솔루션과 오는 2025년까지 미국에 전기차 배터리셀 합작공장을 세우고, 연간 약 30만대 물량의 배터리셀을 생산한다"
6503,"에코프로비엠과 에코프로, 엘앤에프 3종목의 신용잔고는 총 8330억원으로 코스닥시장 신용잔고의 8%를 차지했다"
6504,이상호 한국경제연구원 경제조사팀장은 “최근 중국 경제 불안과 실물경제 침체 심화 등을 고려해 (금통위가) 동결할 가능성이 크다”면서도 “물가와 가계부채 관리 측면에서는 기준금리를 베이비스텝(0.25%포인트 인상) 정도로 잡아주는 것이 맞다”고 했다
6505,"전체 계약 해지 중 12건은 추가로 철근 누락 사실이 공개된 남양뉴타운 B10, 평택소사벌A7, 파주운정3 A37, 고양장항A4, 익산평화 등 5개단지에서 나왔다."
6506,"2021년 2월 발행된 이 상품의 홍콩H지수 최초 기준가격은 11,909.63, 5차 조기상환 조건은 최초 가격의 80%인 9,527.7040으로 설정됐다"
6507,3월 이후 분당 갭투자 209건…전국 3위
6508,오후 6~8시 사이 매출은 지난해보다 22.7% 늘었고 방문객 수는 26.1% 증가했다
6509,현 추세가 지속한다는 것을 전제로 앞으로 5년 이내에 편의점 담배 매출 비중이 30% 밑으로 떨어질 것이라는 전망도 나온다
6510,"다만 중국 부동산 위기가 중국 내 문제가 아니라 국제 금융시장 변동성 확대나 글로벌 경기 둔화 등을 촉발할 경우에는 한국 경제 영향을 배제하기 어렵고, 이 경우 미국은 물론 한국의 기준금리 인하 시점을 앞당기는 결과를 불러올 수도 있다는 의견도 있다"
6511,이번 업무협약에 따라 양사는 ▷근거리 배달을 통한 품질 향상 ▷가맹점 배달비 부담 경감 ▷지역경제 발전을 위한 온라인 배달 주문 서비스 활성화 ▷친환경 배달을 통한 ESG(환경·사회·지배구조) 경영 실천 등에 협력하기로 했다
6512,"미 무역대표부, 멕시코 수입관세 부과 환영 성명서 발표"
6513,하지만 국내 배터리 업계에서는 CATL이 발표한 내용에 대해 철저한 검증이 필요하다는 의견이 다수다
6514,"20일 부동산R114가 한국부동산원 청약홈에 공개된 청약 결과를 분석한 바에 따르면, 올해 1분기 평균 5.1대 1이던 전국 분양 아파트 청약 경쟁률은 2분기에 10.9대 1로 높아진 뒤 3분기 들어서는 현재까지 평균 12.1대 1로 상승했다"
6515,쿠팡 관계자는 “끊임없는 대화와 협의를 통해 그동안 쌓인 오해를 풀고 고객을 위해 협력하기로 했다”며 “고객들이 더 다양한 제품을 저렴한 가격으로 만나볼 수 있도록 파트너사와 함께 계속 노력할 것”이라고 말했다
6516,박경일 SK에코플랜트 사장은 “SK에코플랜트는 지난 5월 캐나다 그린수소 상용화 프로젝트에 이어 이번 텍사스 태양광 프로젝트까지 북미 초대형 에너지 프로젝트에 연속으로 참여하며 글로벌 에너지 기업으로 입지를 확고히 하고 있다”며 “명실상부한 에너지기업으로 글로벌 신재생에너지 개발과 RE100 달성 지원 등 다양한 에너지 솔루션을 제공할 것”이라고 밝혔다
6517,김 실장은 “빈 일자리가 심화되고 일자리 이동이 빈번해지는 노동시장 환경 변화 속 취업·채용지원 서비스의 역할이 어느 때 보다 중요하다”며 “일자리에 어려움을 겪는 구직자와 기업에게 도약보장패키지가 든든한 지원군이 되도록 고용센터와 함께 지속해서 노력하겠다”고 밝혔다
6518,민관협의체 활동은 최근 국제사회의 ‘환경·사회·투명 경영(ESG)’이 가속화되고 특히 온실가스 감축 관련 규제가 기업의 제품 생산부터 공급망까지 확대 적용됨에 따라 수출 주력 업종을 중심으로 맞춤형 지원 생태계를 조성하기 위해 마련됐다
6519,[헤럴드경제=권남근 기자] 원/달러 환율은 미국의 기준금리가 한국보다 높은 금리 역전 현상 자체보다 미국의 금리 인상 이후 발생하는 실물경제 충격으로 더 불안해진다는 분석이 나왔다
6520,"최근 손흥민, 황희조(노팅엄), 황희찬(울버햄프턴) 등 빅리그로 진출한 선수들이 주목받는 가운데 연구원은 손흥민을 기준으로 소비재 수출 증대 효과와 이로 인한 파급력을 분석했다"
6521,재건축 사업지들 임대 평형 조정
6522,"LH는 용역 업체와의 통화, 임원 확인서를 통해 확인한 결과, 지난달 31일 이후 전관 업체가 참여해 체결한 설계 공모는 10건(561억원), 감리용역은 1건(87억원)인 것으로 파악했다"
6523,"[헤럴드경제=권남근 기자] 정부는 최근 중국 부동산 사태 등이 국내에 끼칠 영향이 제한적이라면서도, 필요한 때에 시장 안정 조치를 신속히 시행해나가겠다고 20일 밝혔다"
6524,
6525,"김종수 백년가게 광주·전남·제주 협의회장은 ""대형쇼핑몰에 대응하기 위해 충장로 거리 상점을 ‘마을백화점’ 사업을 통해 활성화해야 하고 그 대책으로 환경개선, 상인 교육 등 종합관리가 필요하다"" 면서 ""10년째 공실로 방치된 엔터시네마 건물을 ‘다문화타운’으로 조성, 외국인이 찾는 충장로로 만들어야 한다""고 제안했다"
6526,"‘최고 4500원’ 아침 메뉴, 오전 8~11시 판매…“다른 매장 확대 계획 없어”"
6527,"중견련은 이번 회담 결과에 대해 ""공급망 불안정에 따른 산업계의 애로와 위기의식이 가중되는 상황에서 반도체와 이차전지 등 첨단산업 분야와 인공지능(AI), 우주기술 등 미래 산업의 공급망 안정성을 경제 안보 차원에서 결속하기로 한 합의""라고 평가했다."
6528,엘리베이터 대기·단열·누수 등 단점에도
6529,"中, 부동산발 경기 침체…美, 소비 회복에 고금리 기조 유지"
6530,이상 기후에 따른 수확량 감소·역기저효과 영향
6531,"“집합건물법상 매도청구권, 청구권자 각자에게 귀속”"
6532,"과세 기준에 미달하는 소액의 상속 재산을 제외한 과세 대상 총 상속재산가액은 62조7269억원, 총결정세액은 19조2603억원이었다"
6533,"간단한 측정으로도 맥신의 분자 분포를 분석할 수 있게 돼 생산과정에서 품질관리가 가능해지고, 이를 통해 지금까지 불가능했던 대량생산의 길이 열릴 것으로 기대된다"
6534,소비자원 “외관상 균열 없는 제품도 교체 대상”
6535,"한국잡월드 이병균 이사장은 사업보고회에서 “우리나라 미래의 희망인 청년들이 메타버스 신기술을 활용해 직업 적성을 빠르게 탐색하고, 인턴십 기회를 통해 경력 형성을 더욱 효과적으로 경험할 수 있도록 적극적으로 지원하겠다”고 강조했다."
6536,"또한 에코프로비엠과 에코프로, 엘앤에프 3종목의 신용잔고는 총 8330억원으로 코스닥시장 신용잔고의 8%를 차지했다"
6537,"2021년부터는 조직 내 구성원들의 다양한 목소리를 청취하기 위해 경영층과 50여 명 이상의 다수 직원들이 함께 대화를 나누는 타운홀 미팅을 진행하고 있으며, 경영층 또는 부서장과 2030세대 구성원들이 스스럼없이 생각을 공유할 수 있도록 소통협의체 운영을 확대해 자발적인 조직문화 개선과 진솔한 소통을 지원하고 있다"
6538,한편 올해 1000만원 이하 가격으로 거래된 아파트 단지는 태백시 동점아파트를 포함해 총 4곳으로 조사됐다
6539,김익래 전 회장이 SG증권발 주가 폭락사태에 연루됐다는 의혹을 받는 키움증권을 비롯해 하나증권·유진투자증권·KB증권 등 4곳은 서비스를 재개하기로 방향은 정했으나 아직 구체적인 일정은 결정되지 않았다
6540,전 연령대에서 1분기보다 2분기 외식 건당 이용금액이 줄어들었지만 가장 감소율이 큰 것은 20대였다
6541,"신세계 강남점이 국내 최초로 소개하는 델보의 마그리트 캡슐 컬렉션은 마그리트의 예술 세계에서 영감을 받아 사랑(L’Amour)·유머(L’Humour)·사과(La Pomme)·사람(L’Homme), 네 가지 주제로 선보이는 아시아 단독 상품이다"
6542,제도권 금융은 물론 정책 서민금융의 문턱마저 넘을 수 없어 소액생계비를 빌린 20대 청년 상당수가 한 달 1만원도 안 되는 이자를 내지 못하며 '빚 벼랑' 끝에 내몰리는 것이다
6543,"21일 한화생명에 따르면, 2008년 설립된 베트남법인은 2016년 국내 보험사 최초로 해외 시장에서 당기순이익을 시현했으며, 2019년부터 올해 상반기까지 5개년 연속 꾸준히 흑자를 내며 누적 결손을 완전 해소했다"
6544,프로야구 경기장서 현장 마케팅 나서
6545,이차전지 자원순환 사업화 추진
6546,"중기부, 벤처기업법 시행령 개정안 입법예고"
6547,"성동구 내 공인중개사무소 관계자는 “워낙 오래도록 분양을 기다려온 사람들의 관심이 많은 사업장이고, 최근 분양한 구의 롯데캐슬 이스트폴이나 이문 래미안 라그란데 등 주변 아파트들의 청약 경쟁률도 크게 올라 청계 SK뷰 또한 뒤를 이어 역대급 경쟁률을 기록할 것”이라고 말했다"
6548,최 사장은 “실력과 전문성을 바탕으로 에너지시장의 불확실성에 기민하게 대응하고 한 단계 더 도약하자”면서 “활기찬 조직문화와 청렴윤리 경영을 통해 국민께 신뢰받는 가스공사로 거듭나자”고 강조했다.
6549,
6550,[속보] 8월1~20일 무역수지 -36억달러…올해 적자 누적액 284억달러
6551,
6552,우리나라 기업의 장애인 고용 실태 및 정책 수요 파악
6553,이번 협약을 통해 양사는 ▷통신·신용 데이터의 금융사기 예방 분야 접목 ▷불법 명의도용 금융 범죄 예방 ▷비대면 금융사기 차단 등 소비자 보호를 위한 협력 사례를 발굴할 계획이다
6554,"기아 관계자는 “79년이라는 시간 동안 모빌리티 기업으로서 고객과 함께해 온 여정을 되돌아보고 그 의미를 되새기고자 이번 헤리티지 전시를 준비했다”라며, “기아의 독자적인 브랜드 가치를 전달할 수 있도록 앞으로도 다양한 헤리티지 활동을 진행할 것”이라고 말했다"
6555,삼정KPMG는 코리아 핀테크 위크 기간 중 31일 동대문 디자인 플라자(DDP) 컨퍼런스홀에서 국내·외 핀테크 기업들을 대상으로 해외 시장 진출(Go-To-Market) 전략 세미나를 개최한다
6556,"[헤럴드경제=증권부] SK바이오사이언스는 태국 GPO(Government Pharmaceutical Organization), 태국 BGT(Biogenetech)와 세포배양 독감백신 원액 공급계약을 체결했다고 21일 공시했다"
6557,이번 행사에서는 기업들이 제품 개발 및 마케팅 등을 위해 건강보험 빅데이터가 필요할 때 신속하고 안전하게 활용할 수 있는 개방형·맞춤형 의약품?의료기기 익명DB 구축?제공 사업에 대해 소개했다
6558,국내서 ‘2023 테크＆커리어 포럼’ 개최
6559,좀처럼 잡히지 않는 인플레이션(물가 상승)에 따른 금리 인상 사이클의 종착점이 어딘지 알 수 없는 상황 속에 주요 2개국(G2·미국과 중국)발(發) 경기 침체 리스크로 인한 금융·무역 수지 리스크 확대로 국내 증시의 불확실성은 극대화되는 모양새다
6560,"우선 Mile1 하나카드의 특화 서비스로 전월 실적 30만원 이상 사용 시 ▷6대 저가항공사(제주항공, 진에어, 티웨이항공, 이스타항공, 에어서울, 에어부산)에서 1,500원당 45 유니마일 적립된다"
6561,최우수상 외에도 디지털솔루션(Digital Solution) 카테고리에서 본상 1개를 추가 수상했다
6562,"토스뱅크 관계자는 “고객이 우대금리를 받기 위해 충족해야 했던 ‘복잡한 조건’을 모두 덜어낸 결과 고객들, 특히 젊은 층을 중심으로 이례적으로 높은 호응을 끌어낼 수 있었다”며 “앞으로도 고객 관점에서 상품을 고민하고, 최고의 혜택을 드릴 수 있도록 노력할 것”이라고 밝혔다"
6563,"21일 금감원 공시에 따르면, MG손해보험은 이달 초 ▷중장기 관점의 전략적 자산배분(SAA) 계획 미흡 ▷대체투자 관련 사전검토·사후관리 미흡 ▷보험상품 손해율 관리 및 판매전략 미흡 등 3건에 대해 경영유의 조치를 통보받았다"
6564,"롯데백화점 관계자는 “하이엔드 오디오는 고급 소비재를 선도하는 롯데백화점의 지향점과 맞아 떨어져, ‘신(新)명품’ 상품군으로 인큐베이팅 중”이라며 “여타 백화점에서는 시도하지 않았던 대규모 오디오쇼를 본점에서 기획하게 된 배경도 이러한 이유”라고 했"
6565,[헤럴드경제=강승연 기자] 삼성생명(대표이사 전영묵)은 무더위 속 일상의 좋은 소식을 전달하기 위해 ‘좋은 소식 아이스크림 트럭’을 운영한다고 21일 밝혔다
6566,"ID카드, 캘린더, 키링 등 33종"
6567,"한편, 건보공단이 공시한 올해 1분기 1인당 정규직(일반 정규직) 평균 보수는 6790만9000원이었다"
6568,"현대자동차 관계자는 “연구개발 부문의 대규모 경력직 채용 추진을 통해 우수인재를 선점하는 동시에 미래 모빌리티 시장의 리더십 확보와 신사업 전략의 과감한 전개를 도모하고자 한다”며 “특히, 소프트웨어 개발자 채용 확대 흐름에 발맞춰 조직 문화, 개발 환경 등 모든 면에서 경력 개발자들이 만족할 수 있는 환경을 조성해 나갈 것”이라고 말했다"
6569,"“예상보다 빠르다” SK하이닉스, 엔비디아 AI 칩 주도권 ‘드라이브’ 지속"
6570,"21일 금투협에 따르면 교육생들은 뉴욕 현지의 글로벌 운용사 등을 방문해 다양한 투자 자산에 대한 최신 전략 뿐만 아니라 ESG, 크레디트, 퀀트 등 국내 연기금의 관심 높은 테마를 집중적으로 학습할 계획이다"
6571,"휴비스는 맥신 관련 고분자나노복합체 및 그 제조방법에 대한 특허권을 지니고 있고, 나인테크는 나노 신소재를 연구하는 인인식 한국교통대 연구팀과 2차전지용 핵심소재를 개발하고 있다"
6572,"관세청, 수출입 현황 집계…전체 수출 16.5% 감소"
6573,"윤기열 토스 커뮤니케이션 헤드는 ""토스피드는 브랜드의 소식을 전하는 채널로 시작해, 매달 100만 명이 찾는 콘텐츠 플랫폼으로 성장했다. 토스가 금융의 수퍼앱으로 자리매김한 것과 마찬가지로, 토스피드 역시 모두가 금융에 조금 더 쉽고 재미있게 다가갈 수 있도록 지원하는 콘텐츠 플랫폼으로서의 역할을 더욱 강화해 나가고자 한다""고 말했다"
6574,"한양 관계자는 “전주 에코시티 한양수자인 디에스틴의 성공적 결과는 어려운 부동산 시장 속에서도 에코시티 역대 최고 청약 경쟁률을 기록하며 조기 완판을 이뤄냈다는 점, 그리고 지역 최고층 단지로 조성된다는 점 등에서 더욱 의미가 깊다”며 “추후 분양이 예정된 오피스텔도 아파트와 동일하게 에코시티의 우수한 인프라를 모두 최중심에서 누릴 수 있어 에코시티 입성을 원하는 수요층의 많은 관심이 예상된다”고 말했다"
6575,"2분기 말 788곳, 1분기 이어 800개 ↓"
6576,"KB증권 관계자는 “개인고객을 대상으로 리테일 채권뿐만 아니라 펀드, 랩, ELS(주가연계증권) 등 다양한 상품을 공급하여 고객의 투자 포트폴리오를 강화했고, 고객 니즈를 반영한 중개형 ISA(개인종합자산관리계좌) 가입 이벤트, 연금상품 이벤트 등 고객에게 보다 다양한 서비스와 이벤트를 지속 제공한 결과로 보인다”고 말했다"
6577,양사는 이번 협약에 따라 앞으로 ▷네슬레 헬스사이언스 건기식 브랜드의 국내 독점 유통 ▷건기식 소재·제조 기술 교류 ▷케어푸드·메디컬푸드 공동 개발·생산 등 주요 분야에서 협력 체계를 구축한다는 계획이다
6578,박재경 하나증권 연구원은 “올해 2분기 기준 셀트리온의 현금성 자산은 6752억원이고 셀트리온헬스케어의 현금성 자산은 3699억원 수준”이라며 “셀트리온은 신약 개발 업체로의 도약을 꾀하고 이를 위한 인수·합병(M&A) 계획도 계속 밝힌 만큼 합병을 통해 투자 여력을 확대할 수 있다”고 설명했다
6579,"성윤호 한화생명 상품개발팀장은 “이번 2030 목돈마련 디딤돌저축보험은 사업비는 최소화하고 고객 혜택은 극대화했다”며 “2030세대들이 폭넓게 좋은 혜택을 누릴 수 있도록 가입대상을 확대하고, 보험료 납입에 유연성을 더하는 등 청년들의 목돈 마련에 최적화된 상품”이라고 강조했다"
6580,이에 따라 다날 휴대폰결제로 해외 54개 도시에 취항하고 있는 티웨이항공의 항공권을 쉽게 구매할 수 있게 됐다
6581,광안대교와 마주하는 신흥주거벨트의 중심 입지
6582,"카카오페이증권은 ISMS-P 인증을 통해 정보자산을 보호하기 위한 종합적 체계를 갖추고 있다는 평가를 받으며 트레이딩, 뱅킹, 금융상품 부문에서 정보 보안에 대한 위험 관리 역량을 입증했다고 설명했다"
6583,"부산, 포항 이어 청주까지…해마다 지하차도 침수 사고"
6584,"KIC는 이번 국제금융 아카데미에서 12차례의 세미나를 통해 부동산·벤처캐피탈(VC)·사모주식(PE)·헤지펀드·사모채권·인프라 등 대체투자 자산군별 현황 및 투자전략, 리스크 관리, 책임투자를 포함한 다양한 주제를 다룬다"
6585,"금융위원회는 ""과징금 부과를 통해 불공정거래행위에 대해 신속하고 효과적인 처벌을 도모할 수 있게 됐다""고 평가했다"
6586,기재부 복권위 관계자는“복권판매 를통해조성 된기금이미래세대 청소년 들이언제 어디서나 수학·과학 역량을키울
6587,한 부동산 관계자는 “시장이 저점 기록 후 반등하고 있다는 기대감이 점차 형성되기 시작하면서 청약 통장이 필요 없고 19세 이상 누구나 가능한 선착순 분양 단지 중 옥석을 찾는 움직임이 보이고 있다”며 “새 아파트 분양가가 천정부지로 오르고 있는 점도 이들 단지의 인기를 높이는 요소로 작용하고 있다”고 전했다
6588,대용량 세탁기와 인버터 히트펌프 건조기 융합
6589,"공정거래위원회는 올해 2분기 적극행정 우수사례로 ‘4개 중고거래 플랫폼 사업자의 제품안전?분쟁해결 자율협약 체결’과 ‘온라인플랫폼 분야 자율규제 방안 마련’ 2건을 선정하고, 담당 직원 6명을 ‘2분기 적극행정 우수공무원’으로 선발했다며 21일 이같이 밝혔다"
6590,"보건복지부, 출생미신고 아동 조기발견 체계 구축"
6591,세미나에서는 이승봉 투이컨설팅 이사가 핀테크 기업과 금융회사 간 공동 기술실증(PoC) 협업을 위한 핵심 고려사항을 제시한다
6592,이번 실전투자대회는 8월 21일부터 9월 15일까지 참가 신청을 할 수 있다
6593,"신동진 교보생명 상품개발1팀장은 “금융시장의 변동성에 영향이 적은 금리확정형 종신보험으로, 종신보험 본연의 가치에 충실한 상품”이라며 “생활자금 활용, 유지보너스 적립 등 혜택을 더해 생애 전반의 보장을 든든하게 준비할 수 있도록 도울 것”이라고 말했다"
6594,"연초 이후로 넓혀보면, ETF 설정액은 중국의 리오프닝(경기 재개) 기대감에 힘입어 5214억원이 늘었지만 최근 한 달 간 순유출세가 나타나면서 투자 규모도 줄어들고 있다"
6595,- 아파트 거래량 늘고 매매가격 상승세 이어가는 서울 부동산
6596,"총 2,900여평에 달하는 옥상정원, 하늘정원, 구름정원, 진입광장 등 직원 및 방문객들을 위한 녹지 및 휴게공간도 풍부하게 계획돼 입주 시 원스톱 비즈니스 프리미엄을 누릴 수 있을 전망이다"
6597,이는 엔씨소프트가 2021년 6월 웹젠의 ‘R2M’이 자사의 ‘리니지M’을 표절했다며 민사소송을 제기한 지 약 2년 2개월 만에 나온 판결이었다
6598,철강기업으로는 이례적 본상 수상 영예
6599,"이번 프로모션은 다임러 트럭 코리아의 국내 진출 20주년을 기념해 그동안 받은 고객들의 성원과 사랑에 보답하고자 신차 구매 고객들에게 실질적인 금융 혜택을 제공해, 할부 비중이 큰 고객들에게 안정적인 비즈니스 수익 확보를 지원하기 위해 마련됐다"
6600,현대트랜시스는 미국 시장조사업체 J.D. 파워가 이달 발표한 ‘2023 시트 품질 만족도 조사’에서 자사 시트가 일반 브랜드 승용차와 SUV(스포츠유틸리티차량) 시트 평가 ‘톱(TOP) 3’에 올랐다고 21일 밝혔다
6601,정밀접근계기 비행은 안개등으로
6602,"400대 1이 넘는 치열한 경쟁률을 뚫고 최종 선발된 6기 아기모델은 박이음 군으로, 큰 눈망울과 해맑은 눈웃음이 브랜드 이미지와 잘 어울린다는 평가를 받았다"
6603,[헤럴드경제=신동윤 기자] 이석기 교보증권 대표가 ‘여름휴가는 어촌·바다로 릴레이 캠페인’에 동참했다
6604,"‘바빠도DAY’는 임직원들의 바쁜 일정 중에도 특정일에는 자발적으로 봉사활동에 참여하자는 의미에서 시작된 캠페인으로, 매월 2·3주차 금요일마다 장애인·아동·노인 등 복지 사각지대에 있는 지역사회 소외계층을 위한 다양한 봉사활동을 전개할 예정이다"
6605,KB라이프생명 관계자는 “인생의 특별한 순간을 알리는 청첩장이 재활용되지 않고 대부분 버려진다는 환경문제를 해결하기 위해 이번 이벤트를 기획한 것”이라며 “보다 의미 있고 진정성 있는 이벤트를 위해 실제 전국중고생자원봉사대회 수상자의 아이디어를 활용했다”고 말했다
6606,계약금액은 155억6256만원으로 이는 2022년 매출 대비 8.7%에 해당하는 규모이다
6607,LH 전관업체 설계·감리 계약 줄취소
6608,[헤럴드경제=김우영 기자] 지난달 일본 중앙은행인 일본은행(BOJ)이 통화완화 정책을 축소하면서 금리 상승에 따른 일선 은행들의 보유 채권 미실현손실 확대 가능성이 제기되고 있다
6609,"이 책은 부동산금융의 상품별 기능과 특성, 제도와 시장 현황, 문제점과 개선 방안 등 관련 연구 결과들을 모아 총 13장으로 구성됐다"
6610,다음달 17일까지…11월 30일 발간예정
6611,다만 블룸버그는 중국이 전면적 부양책보단 기업들에 대한 도움과 불안 심리를 진작시키기 위한 제한된 조치를 할 것이란 예측이 우세하지만 정치적 위험이 높아질 경우 시 주석이 과감한 조치를 취할 가능성을 배제할 수 없다고 전했다
6612,계약금액은 2882억원으로 이는 2022년 매출 대비 3.19%에 해당하는 규모이다
6613,하림·동원·LX·SM·글로벌세아 인수의사
6614,韓-방글라데시 PPP 공동협의체 개최
6615,[헤럴드경제=김현경 기자] 다올저축은행은 단기 자금이 필요한 직장인을 위해 연 9.99%(세전) 신용대출 상품인 ‘Fi 직장인엣지’를 출시했다고 21일 밝혔다
6616,"전광우 세계경제연구원 이사장은 “중국은 구조적으로 성장이 둔화되고 있고 최근 위안화 급락 흐름을 보면, 달러화나 미 국채 매도가 놀랄 일도 아니다”면서 “반면 일본은 그간의 비정상적이었던 저성장에서 벗어나면서 엔화 추락을 방어할 것으로 보인다”고 말했다"
6617,"아워홈은 40여 년간 쌓아온 식품 제조와 급·외식사업 운영 노하우를 기반으로 계절, 식당 규모, 메뉴 등 조건에 적합한 간소화 식재를 추천하고 맞춤형 식단과 레시피를 함께 안내한다는 설명이다"
6618,중국 정부 부채 축소 정책에 부동산 기업 자금경색 심화
6619,"특히 광역서비스센터는 차체 교정 장비인 판금 셀렉트는 물론 열처리를 위한 샌딩룸 그리고 도장 장비 등을 최신 설비로 교체해 최상의 판금·도장 품질 서비스 제공이 가능하며, 정비 작업장 전반에 절연 강화타일 등을 설치해 모든 스톨(차량을 올려서 정비할 수 있는 리프트)에서 전기자동차 정비가 가능하다"
6620,아이디어 공모전 ‘삼성 AI/CE 챌린지 2023’ 개최
6621,지난해 하반기 1024건…상반기 대비 60.8%↓
6622,좀처럼 잡히지 않는 인플레이션(물가 상승)에 따른 금리 인상 사이클의 종착점이 어딘지 알 수 없는 상황 속에 주요 2개국(G2·미국과 중국)발(發) 경기 침체 위험으로 인한 금융·무역 수지 리스크 확대로 국내 증시의 불확실성은 극대화되는 모양새다
6623,"日, 주주행동주의 적극 활용 저평가 해소"
6624,금융권 관계자는 “중국에서 부동산 개발업체의 디폴트나 은행 신탁 미상환은 굉장히 큰 일”이라며 “금융기관도 연결돼 있어 주택 분양자들에게 직접적인 영향을 미칠 수 있다. 집을 들어갈지 말지도 모르는 상태에서 미래 소득과 고용 상황에 대한 불안도 겹쳐지면서 다른 소비를 늘릴 수 없는 것”이라고 지적했다
6625,그런 의미에서 박 이사는 “올해 삼성전자가 협력사 등 공급망에서 배출한 온실가스를 측정해 선제적으로 스코프3를 공시한 건 의미 있는 선례”라고 국내 기업들의 참여를 독려했다
6626,푸본현대생명은 2019년부터 외국인 투자기업 채용박람회에 참가해 왔다
6627,특히 프랜차이즈는 가맹본부와 가맹점으로 이뤄져 있는 특수한 창업형태이기에 이에 대한 교육 지원은 더 절실하다
6628,이번 협약을 통해 양사는 ▷통신·신용 데이터의 금융사기 예방 분야 접목 ▷불법 명의도용 금융 범죄 예방 ▷비대면 금융사기 차단 등 소비자 보호를 위한 협력 사례를 발굴할 계획이다
6629,TSP+ 등급을 받기 위해서는 ▷운전석 스몰 오버랩 ▷조수석 스몰 오버랩 ▷전면 충돌 ▷측면 충돌 등 총 4개 충돌 안전 항목 평가에서 최고 등급인 ‘훌륭함’을 획득해야 한다
6630,"연초 이후로 넓혀보면, ETF 설정액은 중국의 리오프닝(경제활동 재개) 기대감에 힘입어 5214억원이 늘었지만 최근 한 달 간 순유출세가 나타나면서 투자 규모도 줄어들고 있다"
6631,"지난해 미국 내 뚜레쥬르 점포 당 하루 매출은 전년 대비 약 20% 상승하고, 2개 이상 매장을 운영하는 다점포 가맹점 수도 절반에 달한다는 것이 CJ푸드빌의 설명이다"
6632,신한투자증권 관계자는 “대부분의 업무가 비대면 처리가 가능해지면서 지점에 찾아오는 고객은 주식 주문 이상의 깊이 있는 서비스를 원한다”며 “지점을 통폐합한 뒤 고객 대상 세미나를 크게 늘리는 등 업무 효율성을 높이고 있다”고 말했다
6633,"먼저 신용카드인 알뜰교통플러스 삼성카드는 대중교통, 택시 이용 금액의 10%를 전달 실적에 따라 월 최대 1만5000원까지 할인 받을 수 있다"
6634,합병 기대감에 약세장에도 주가↑
6635,"KB증권은 2017년 통합법인 출범 이후 전통적으로 경쟁력이 높았던 위탁매매(BK, 브로커리지) 분야의 강점은 유지하면서 WM부문을 강화하기 위해 고객 수요를 반영한 상품런칭, GWS(GOLD&WISE SUMMIT)본부 신설 등 다양한 노력을 기했다"
6636,"이러한 상황에서 금융업 취업을 원하는 분들께 다양한 기회를 드리고, 우수 인재를 확보하기 위해 하반기 채용을 결정하게 됐다”며 “앞으로도 지속적인 채용을 통해 일자리 창출에 기여하는 동시에 금융 전문 인력으로 양성해 저축은행 업계 발전에도 기여해 나갈 것”이라고 말했다"
6637,21일 가스공사에 따르면 최연혜 사장은 지난 18일 대구 동구 본사에 열린 창립 40주년 기념식에서 이같은 내용이 담긴 새로운 경영비전을 발표했다
6638,"캠페인은 참여자가 ‘여름휴가는 어촌·바다로’, ‘여름 보양식은 우리 수산물로’라는 문구와 함께 인증 사진을 촬영해 온라인에 홍보한 후 다음 주자를 지목하는 방식으로 진행된다."
6639,"상온 초전도체 테마주 종목들이 줄줄이 큰 폭의 하락세를 나타내고 있는 가운데, 지난 달 큰 폭의 오름세로 국내 증시 상승세를 이끌었던 에코프로 그룹주 등 2차전지 관련주가 21일 장 초반 강세를 보이고 있다"
6640,"18~19일 진행 대회, 성황리에 마무리"
6641,"W컨셉은 프리즈 서울 2023의 공식 파트너 참여를 기념, 이달 25~29일 온라인 프로모션을 진행한다"
6642,이에 따라 CJ제일제당의 2분기 바이오·FNT사업의 경우 대형 아미노산 관련 영업이익은 감소했지만 트립토판 등 기타 제품을 통해 8% 영업이익률을 유지시켰다
6643,프리미엄 ‘크로엣지 피자’ 2종 출시
6644,3월이후 갭투자 209건 ‘전국 3위’
6645,추진위 “사업안 보완에도 부동의”
6646,EnBW계열사와 SOFC 공급계약
6647,가구수 줄이는 대신 중형 확대
6648,"‘더 비치 푸르지오 써밋’은 단지 내외부 특화를 위한 모던리조트(석가산, 티하우스, 수공간) 등의 조경특화와 커튼월, 파사드 등의 외벽 특화, 커뮤니티 시설 등에서 차별화된 명품단지로 조성될 예정이다"
6649,21일 정비업계에 따르면 방배 삼호(1·2·3차) 재건축 조합 설립 추진위원회는 다음달 중순께 정비계획 수립 및 정비구역 지정을 위한 입안 제안을 서초구청에 제출할 예정이다
6650,"전광우 세계경제연구원 이사장은 “중국은 구조적으로 성장이 둔화되고 있고 최근 위안화 급락 흐름을 보면, 달러화나 미 국채 매도가 놀랄 일도 아니다”면서 “반면 일본은 그간의 비정상적이었던 저성장에서 벗어나면서 엔화 추락을 방어할 것으로 보인다”고 말했다"
6651,반도체 24.7%↓ 전체수출 16.5%↓
6652,이종혁 삼성물산 패션부문 띠어리팀장은 “남자의 첫 슈트는 첫사랑과 견줄 정도로 인생에 있어서 중요한 아이템”이라며 “의식있는 소비 태도와 정보력까지 갖춘 MZ세대가 인생 첫 슈트로 띠어리를 선택했다는 건 오랜 기간 흔들리지 않고 추구해온 브랜딩의 결과로 해석된다”라고 말했다
6653,"‘시크릿 레시피 7’은 전국의 스타벅스 파트너가 창작한 음료 레시피 중 고객 투표를 통해 총 7개 지역(서울·경기·강원·충청·전라·경상·제주)의 대표 음료 1종씩, 총 7개의 음료를 정식 음료로 출시하는 프로젝트다"
6654,현대차 노조 교섭결렬 선언…파업 찬반투표
6655,"무협은 “2014년 하반기 이후 원·엔 동조화가 두드러지고 있으며, 특히 2021년부터는 두 환율의 움직임이 방향뿐만 아니라 크기에서도 매우 유사한 양상을 보인다”면서 “지난 10년간 중국과 미국 수입 시장에서의 한일 양국 간 수출경합도는 완화되는 추세”라고 강조했다"
6656,[헤럴드경제=윤호 기자]한국금융지주 자회사 한국투자증권(사장 정일문)은 ‘로봇 프로세스 자동화(Robotic Process Automation: RPA)’ 도입으로 업무시간 절감 효과가 연 10만 시간을 돌파했다고 21일 밝혔다
6657,"백승훈 롯데마트 채소팀 MD(상품 기획자)는 “롯데마트와 롯데슈퍼가 힘을 합쳐 배추 시세 급등 전, 추석 명절용 김치를 담그는 고객을 위한 절임배추 사전예약 판매를 발빠르게 준비했다”며 “앞으로도 마트와 슈퍼가 공동 소싱한 합리적인 가격의 농산물을 통해 장바구니 부담 완화에 기여할 수 있도록 노력하겠다”고 했다"
6658,- 안성시 아파트 전세지수 경기도 최상위권
6659,"권태성 직업능력정책국장은 “2014년부터 운영한 일학습병행은 현재까지 누적 19,864개 기업, 139,386명의 학습근로자가 참여했으며, 기업은 체계적인 훈련을 통해 맞춤형 숙련인력을 확보할 수 있고, 학생이나 구직자는 조기취업으로 구직기간 단축 및 직무능력 향상 등의 효과를 거두고 있는 일학습병행을 더욱 내실 있게 운영할 것”이라고 밝혔다"
6660,LG전자는 올 상반기 75형 이상 초대형 올레드 TV 시장에서 출하량 기준 약 64.2%로 압도적 점유율을 기록했다
6661,국민은행 관계자는 “이번 공동점포는 금융사 상호 간 금융소비자의 편익을 위해 협력했다는 점에서 의미가 크다”며 “한국씨티은행과의 업무 제휴를 기반으로 고객 편의성은 유지하면서도 차별화된 금융서비스를 제공하겠다”고 말했다
6662,농협은행 관계자는 “고물가시대 가계통신비를 절감할 수 있는 알뜰폰 요금제 서비스 제공을 통해 종합금융플랫폼으로서 NH올원뱅크의 경쟁력을 강화해 나가겠다”고 말했다
6663,[헤럴드경제=강승연 기자] SGI서울보증(대표이사 유광열)은 2023년 하반기 신입사원을 채용한다고 21일 밝혔다
6664,‘개인간거래’ 리셀 플랫폼서 브랜드 입점…리셀 마케팅 효과 노린다
6665,"2분기 광공업생산·수출, 14개 시도서 감소"
6666,9·10월에도 명소를 따라 쓰레기 수거 진행 예정
6667,공단이 주관하는 글로벌일자리대전에는 114개 해외기업이 참여해 1000여 명을 채용하기 위해 면접과 상담을 진행한다
6668,21일 중고차 거래 플랫폼 엔카닷컴이 ▷1980~1999년식 ▷밀레니얼 1세대의 2000~2005년식 ▷밀레니얼 2세대 2006~2010년식 ▷신차급 중고차인 2021~2023년식으로 구분해 올해 1월부터 7월까지의 기간 동안 연식 별로 가장 많이 등록된 모델을 분석한 결과 아반떼가 가장 많은 거래량을 기록한 것으로 나타났다
6669,"김영록 지사는 ""퍼시픽항공 정기노선 취항을 통해 두 나라 국민들이 전남과 베트남을 편리하게 오가면서 문화를 교류하고 더욱 가까워지게 될 것""이라며 ""이번 정기선 유치를 계기로 현재 논의 중인 중국, 일본 등 국제 정기편 운항이 속도를 내 무안국제공항 조기 활성화에 크게 기여할 것으로 기대한다""고 밝혔다"
6670,강대환 토요타코리아 상무는 “알파드는 기존 다목적용 미니밴에서 나아가 이동 중에도 최고의 휴식과 재충전이 가능한 프리미엄 미니밴”이라며 “업무를 위한 장거리 이동부터 가족과 함께하는 주말의 여가 활동까지 고객의 다양한 라이프스타일에 맞춰 새로운 이동 방법을 제시하고자 한다”고 말했다
6671,국내 항공사 중 영업이익률 1위
6672,이날 우미건설은 전남도청에서 제104회 전국체육대회 및 제43회 전국장애인체육대회의 성공적인 개최를 위한 후원금 전달식을 진행했다
6673,한국철도공사(코레일)는 지난달 개통된 서해선(원시역~대곡역)을 오는 26일부터 일산역 구간까지 연장 운행한다고 21일 밝혔다
6674,"도로경관디자인 대전은 고객의 실용적이고 창의적인 아이디어를 고속도로 디자인 개선에 반영하기 위해 2012년부터 매년 개최됐으며, 올해로 12회를 맞이했다"
6675,청량리 일대 정비사업 활발 진행 중
6676,"중노위 관계자는 ""교원의 노조 설립 및 운영에 관한 법률에 대한 헌법재판소의 '헌법 불합치' 판정으로 2020년 6월부터 교수노조 설립이 가능해졌고, 학령인구 감소에 따른 대학 구조조정 등으로 교수의 근무조건과 연구환경이 악화됐지만 대학 노사 모두 교섭 경험이 부족해 노동위원회 조정과 중재에 의지하는 등 자율적 교섭 역량이 부족하다는 판단에서 이번 교육을 실시하게 됐다""고 말했다"
6677,"프로그램 일부는 에너지공급 보안과 지속가능한 글로벌 성장을 위한 저탄소에너지, 에너지전환연합과 에너지업계의 노동력에 대한 내용을 주로 다루며 고위관계자를 위한 순서와, 리더십 라운드테이블, 기술·상업 컨퍼런스 등으로 구성될 예정이다"
6678,AAM 수요 발굴 및 인증 분야 공동연구
6679,무더운 시간대 휴식부여 등 폭염 대비 온열질환 예방조치 점검
6680,그는 “증시에 대한 외국인 수급 회복 역시 지표 확인이 먼저”라며 “단기 관전 포인트는 ▷21일 LPR 5년물 금리 인하 폭과 추가 정책 발표 ▷9월 4일 이전 비구이위안 채무 상환 관련 1차 결론 ▷7월 정치국회의 이후 첫 경제지표의 전월대비 반등 여부 ▷9월 주택거래와 가계 대출 반등 여부”라고 덧붙였다
6681,처분예정일은 오는 22일이다
6682,부당이득·과징금 산정방식 재논의
6683,"이날 코스피는 장 초반 중국 인민은행의 대출우대금리(LPR) 발표를 앞두고 경기 부양에 대한 기대에 상승 폭을 키웠으나, 금리 인하 폭이 시장 예상치를 밑돌자 상승 폭을 줄였다"
6684,코카콜라 관계자는 “이번 팝업은 토레타를 마실 때 느낄 수 있는 시원함과 싱그러움을 숲과 호수라는 공간을 통해 몰입감 있게 전달하는 데 도움을 줄 수 있을 것으로 기대한다”며 “토레타 월드의 호수를 따라 여행하듯 걸으며 수분이 채워지는 기분을 오감으로 느껴보시길 바란다”고 말했다
6685,21일 예비입찰 접수 마감
6686,"앱솔루트, 韓 보드카 1위…호튼 페르노리카코리아 대표 “브랜드 자체로 기억, 목표”"
6687,"1단계 사업에서는 광주 북구 첨단 3지구에 세계 10위권 최첨단 인공지능 데이터센터와 실증 장비 등 기반 시설을 구축하고 창업, 인재 양성 등으로 산업 생태계를 조성하는 내용이다"
6688,업계에서는 삼성전자가 이렇게 모은 돈을 반도체 초격차를 위한 설비 투자 및 대형 인수합병(M&A)에 쓸 것으로 보고 있습니다
6689,"최 연구원은 ""헝다의 부도는 정책당국이 3가지 레드라인을 통해 디벨로퍼의 과도한 부채 리스크를 선제적으로 규제하고 산업 구조조정을 유도하기 위한 것이었지만 이번 사태는 리오프닝과 정부의 부양책에도 중국 내 주택경기가 살아나지 못하면서 나타난 결과이기 때문""이라고 설명했다"
6690,"김 연구원은 “향후 중국 TV에 대해 추가 관세가 적용된다고 가정하면 멕시코, 베트남, 태국, 인도네시아 등에 생산 기지를 보유한 TV업체가 중국산 대비 가격 경쟁력을 확보할 수 있다”며 “향후 삼성전자, LG전자, 중국 TPV, 대만 폭스콘이 수혜를 입을 것”이라고 말했다."
6691,강 연구원은 “최근 물가상승률 하락에 대해 일부 우려가 있는 것은 사실이다. 올여름 유가가 급등했기 때문”이라면서도 “다만 이는 이상 고온 탓이 크다. 지금의 시간이 지나면 상황은 달라질 수 있다. 계절적인 요인이 마무리된 이후 물가상승률 하락은 다시금 신뢰받을 것이라 판단한다
6692,성장 중독으로 투자→투기…증시 이어 부동산 거품 키워
6693,그래서 ‘막대한 용차비를 지불하기 싫으니 다 같이 쉬자’는 취지로 택배 없는 날이 생겼다
6694,한정판 슈퍼 스포츠카 62대 생산
6695,- 올해 7~8월 인천국제공항 일 평균 이용건수 1400여건
6696,[헤럴드경제=김성훈 기자] 토스증권 애플리케이션에서 뉴욕증시 상장 종목인 존슨앤존슨이 상장폐지됐다고 잘못 표기되는 오류가 발생했던 것으로 21일 확인됐다
6697,"물가수준전망(147)은 소비자물가 상승세 둔화에도 불구하고 가공식품·외식 서비스 등의 체감물가가 여전히 높은 수준을 지속하고 있는 데다, 국제유가 및 농산물 가격 상승, 공공요금 인상 등으로 3포인트 상승했다"
6698,러시아-우크라이나 전쟁 등을 계기로 급등한 국제 에너지 가격이 전기요금에 제때 반영되지 않아 2021년 이후 47조원이 넘는 막대한 영업손실을 본 것이 총부채 급증의 주된 요인이다
6699,대현화학공업·기현산업 '표시광고법 위반' 추가 기소될 듯
6700,"감시체계 운영기간은 내달 30일까지인데, 질병청이 감시체계 운영을 시작한 2011년 이래 폭염일수가 가장 많았던 2018년(온열질환자 4526명·사망자 48명) 다음으로 이미 환자와 사망자가 많이 발생했다"
6701,HBM3 강자 삼성전자·SK하이닉스 주가 상승 기대
6702,각국 중앙銀 수장 모이는 잭슨홀 미팅 연설
6703,"카드론 외에도 현금서비스 역시 7월 말 기준 6조4078억원으로 6월보다 772억원 증가했고, 일시불로 물건을 산 뒤 카드 대금의 일부만 먼저 결제하고 나머지는 나중에 갚는 ‘리볼빙’ 잔액은 7조3090억원으로 전달보다 392억원 증가했다"
6704,올해 상반기 20대 평균 감면액은 880만원으로 2018년 530만원 대비 67% 가량 증가하며 전 연령대 중 가장 높은 증가율을 보였다
6705,칩스앤미디어 관계자는 “당사의 자사주 처분은 성장 가속화를 위한 선제적 투자재원 마련으로 일반적인 운용자금 조달목적의 자사주 처분과 결이 다르다”고 말했다
6706,ISO 21434 기반 사이버보안 관리체계 인증
6707,"구본진 한국과학기술기획평가원 부연구위원 역시 주제발표에서 “미국의 경우 IRA를 통해 특정 부품 조립과 배터리 광물 조달 요건을 충족한 전기차에 대해 각각 3750달러의 세액 공제 혜택을 제공하고, 전략기술인 반도체 분야 세액공제 항목을 신설하는 등 국가 차원에서 적극 산업양성을 도모하고 있다”며 “글로벌 경쟁력을 갖추기 위해서는 이에 준하는 적극적인 세액공제를 검토해야 한다”고 강조했다"
6708,문화컨텐츠 개발·서비스영역 확대 추진
6709,특히 CU는 해외 기술 제휴 등을 통해 원료의 본연의 특성을 살린 베이커리 전문점 수준의 품질로 만들되 2000원 미만의 합리적인 가격으로 가성비를 극대화했다
6710,HL홀딩스·HL만도 등 주요 계열사 참여
6711,"전용 84㎡ 단일 구성, 다채로운 커뮤니티…총 1520가구 대단지"
6712,"- 첨단지구 내 ‘최초’ 실내수영장 도입 단지...희소성,상징성 갖춰"
6713,약정고객 94.1%가 수도권
6714,"이들 연구원은 ""최근 국내 기업들의 이익 모멘텀은 부진한 모습""이라며 ""지난 5월 말부터 반도체 업종을 중심으로 내년 영업이익 컨센서스가 상향 조정되는 흐름을 보였지만 지난달 말 이후에는 다시 정체되고 있다""고 분석했다."
6715,대부분 ‘혼합구조 주거동’…한두개 기둥 불과
6716,“기관에서 에코프로 비싸다고 해도 귀담아 듣지 않는 이유”
6717,"외국인이 선물 매도로 대외 위험에 대응하고 있는 가운데, 기관이 해당 물량을 받아 차익거래에 나선 것으로 풀이된다"
6718,네이버파이낸셜은 네이버페이 머니 하나 통장·체크카드 시즌2를 오는 9월 중 출시할 예정인 가운데 티저 페이지를 통해 출시 알
6719,스마트레이더시스템은 이달 초 진행한 기관 투자자 수요예측에서 경쟁률 1813.42대 1을 기록해 공모가를 희망 범위(5800∼6800원) 최상단을 넘긴 8000원으로 확정했다
6720,전문연구조직 ‘리서치랩’중심
6721,김지수 롯데백화점 뷰티&액세서리부문장은 “지금까지 뷰티 팝업은 여성의 전유물처럼 여겨졌지만 이번 비오템 옴므를 시작으로 남성을 위한 팝업도 다양하게 진행될 것”이라며 “앞으로도 롯데백화점만의 차별화된 콘텐츠로 여성뿐 아니라 남성 고객의 수요도 적극적으로 사로잡을 계획”이라고 했다
6722,앞서 중국 세관 당국인 해관총서가 내놓은 7월 중국 수출 기록에 따르면 전체 수출액은 전년 동기 대비 14.5% 급감했지만 러시아로의 수출은 73.4% 증가했다
6723,업사이클링 파우치에 구급의약품 담아 기부
6724,"금투협 관계자는 “소비자물가 상승률이 2개월 연속 2%대를 유지했으나, 국제유가 상승에 따른 물가상승 우려와 미국 국채금리 급등 영향으로 9월 채권시장 심리는 전월대비 보합세인 것으로 나타났다”고 말했다"
6725,"은행권 관계자는 “미 국채 금리의 상승 여파도 이미 반영된 상황, 국내 국채 발행 이슈가 생긴다면 대출금리는 더 직접적인 상승 압박을 받을 것”이라고 말했다"
6726,"이혜민 핀다 공동대표는 “대출 관련 인터넷 커뮤니티에서 ‘핀다에서 안 되면 대출 안 된다’라는 말이 심심치 않게 보이는데, 실제로 기존 금융권 창구나 다른 플랫폼에서 거절당했거나 좋지 않은 조건으로 대출을 받은 사용자분들이 핀다에서는 유리한 조건을 찾고는 한다”며 “충분한 상환능력이 있지만 금융이력이 부족하여 좋은 조건으로 대출을 받지 못하는 고객들이 불합리한 선택을 하지 않도록, 제휴 금융사들과 상품의 폭을 넓히고 대안신용평가모델(ACSS) 개발을 통해 금융사와 고객의 비대면 연결 통로가 되겠다”고 말했다"
6727,만기가 짧아 무위험 금리에 가깝고 실거래에 기반해 산출되기 때문에 신뢰성과 안정성이 높다.
6728,[헤럴드경제=김현경 기자] 김대웅 웰컴저축은행 대표가 우리 수산물 소비 촉진 및 국민들의 어촌 휴가 장려를 통해 어촌 경제 활성화를 지원하는 ‘수산물 소비 및 어촌 휴가 장려 챌린지’에 동참했다고 웰컴저축은행이 22일 밝혔다
6729,[헤럴드경제=증권부] 대림제지는 주식가격의 안정 및 주주가치 제고를 위해 자사주 3만5000주를 장내 취득하기로 결정했다고 22일 공시했다
6730,또 해외 기업이 자산을 매각할 경우 공정가격의 절반에 팔도록 러시아 정부가 강제한 것도 걸림돌이다
6731,올해는 CX라이팅 가이드북의 내재화에 집중하고 향후 이를 전 임직원과 설계사로 확대하며 ‘CX라이팅 챗봇시스템’도 개발하는 등 CX라이팅 지원 대상과 인프라도 확대 운영할 계획이다.
6732,8월 1일 코스피 PER 16.33배…연초比 5.63배 ↑
6733,윤여춘 GS리테일 냉동식품팀 MD(상품 기획자)는 “GS리테일이 보유한 편의점·슈퍼마켓 채널의 시너지를 적극 발휘해 외식·장바구니 물가안정에 적극 기여하고자 한다”고 말했다. 이어 “리얼프라이스 상품의 활로가 GS25로 확대되면서 소비자의 물가 안정과 동시에 우수 중소협력사와 상생 효과도 한층 더 강화될 것으로 전망하고 있다”고 덧붙였다
6734,"한국노총은 지난 10일 성명을 통해 “고용노동부가 지난해 하반기 발표한 중대 재해 감축 로드맵을 보면, 오히려 산재예방 근로감독을 소홀히 하고, 안전보건 규제를 완화하는 내용이 다수 포함돼 있다”면서 “지난해 SPL 공장 사망사고 이후 대통령과 장관은 대책 마련을 지시했지만, 오히려 정부는 안전보건 규제를 기업경영을 어렵게 하는 킬러 규제나 카르텔로 규정해 지속적인 산재예방 근로감독을 어렵게 만들고 있다”고 강조했다"
6735,사무실 에어컨 온도 올리고·옥외 광고판 소등
6736,"업계 관계자는 “7~8월에 폭우, 태풍 피해가 있기는 했지만 손해율이 비교적 양호한 수준에서 관리되고 있다”며 “상반기 실적까지 좋은 상황이어서 자동차보험료를 내려야 한다는 분위기가 조금씩 만들어지는 것 같다”고 우려했다"
6737,[헤럴드경제=김광우 기자] KB국민은행은 유니세프한국위원회와 21일 ‘신탁을 활용한 유산기부 문화 확산’을 위한 업무협약을 체결했다고 22일 밝혔다
6738,"22일 코스콤 체크에 따르면, 이달 들어 순자산 규모가 가장 많이 늘어난 상위 ETF 상품은 양도성예금증서(CD) 금리와 한국 무위험지표금리(KOFR) 등을 추종하는 금리형 ETF인 것으로 나타났다"
6739,‘설계 미흡’ 철근누락단지 설계업체들
6740,이베스트證 올 최대실적 낙관
6741,"연동 지원본부 지정고시 제정안에 따르면 연동 지원본부로 지정받고자 하는 자는 사업 수행을 위한 조직, 인력 및 시설 등 을 갖추고 이를 확인할 수 있는 서류와 사업계획서 등을 첨부하여 공정위에 신청해야 한다"
6742,"[헤럴드경제=윤호 기자] 신소재로 각광받고 있던 맥신 관련주가 대부분 20%대 하락률을 보이고 있는 가운데, 고전을 면치 못했던 초전도체주가 오히려 반등을 모색하고 있다"
6743,세계적인 아트페어 ‘프리즈’
6744,LS와 L&F는 신설회사를 중심으로 전후방 시장에서 ‘황산니켈 및 황산코발트(LS 계열회사 생산) → 전구체(신설회사 생산) → 양극재(L&F 생산)’로 이어지는 2차 전지 산업의 가치 사슬(Value Chain)’을 구축하겠다고 밝혔다
6745,온열질환 예방 및 온열질환 대처 교육
6746,[헤럴드경제=김광우 기자] 우리은행은 소상공인을 포함한 중소기업의 효율적인 통합 자금관리를 지원하고자 ‘우리WON자금관리 서비스’를 출시했다고 22일 밝혔다
6747,2021년부터 올해까지 3만여 명 참여
6748,예비입찰에 하림·동원·LX·獨 하팍로이드 등 참여
6749,황용호 삼성리서치 시큐리티 & 프라이버시 팀장 상무는 기조강연에서 “해킹은 지금까지 간과하거나 혹은 대비하지 못한 부분까지 살피며 보안의 혁신을 이끌어가는 핵심 요소”라며 보안을 향상시키기 위해 이를 적용할 수 있는 다양한 방법을 제안했다.
6750,"이날 행사에는 김석기 국가보훈부 복지정책과 과장, 이춘석 우미희망재단 사무국장, 박수봉 초록우산어린이재단 본부장 등이 참석해 국가유공자 후손에게 장학금을 전달했다"
6751,"포스코이앤씨 관계자는 “현재 개발 중인 천장형 시스템 에어컨 신공법 등 고객의 눈높이에 맞춰 선제적으로 대응할 수 있도록 리모델링 맞춤형 기술 개발에 박차를 가할 것”이라며 ""공간을 향한 도전으로 세상의 가치를 더할 계획""이라고 말했다"
6752,"이중 28개 증권사는 1년간 매도 리포트를 한 건도 내지 않았으며, 6개 증권사는 일체의 보유·매도 의견 없이 모든 리포트가 매수 의견이었다고 시민회의는 지적했다"
6753,"세수 오차가 매년 되풀이되자 정부는 오차 발생을 최소화하기 위해 2019년에는 ‘세입예산 추계분석보고서’를 국회에 제출하도록 했고, 지난해에는 경제지표 정확성 제고와 세수체계 평가를 통한 환류 체계 마련 등 개선방안을 발표했다"
6754,"반도유보라 마크에디션 입주예정자협의회 대표는 “연일 계속되는 폭염속에서도 열심히 일하시는 반도건설의 현장 근로자들에게 경의를 표한다”며 “건강과 안전을 최우선으로 작업하면서 시공에 만전을 기해 주시길 부탁드린다""고 말했다"
6755,"롯데건설 관계자는 “일각에서는 총 4488가구 규모의 대단지인 만큼 분양 완료까지 수개월 이상 소요될 것이라는 예측도 있었으나, 입지와 설계 등 모든 면에서 완성도가 높은 단지인 만큼 빠르게 계약을 마감했다”며 “이 성원에 보답하기 위해 이곳 일대를 대표할 랜드마크 아파트가 될 수 있도록 시공에 만전을 기하겠다”고 말했다"
6756,"현재 물류분야 사업을 영위하고 있는 동원그룹과 LX그룹은 ‘통합물류기업’으로 도약이, 팬오션을 보유하고 있는 하림그룹과 세계 5위의 컨테이너선사인 ‘하파크로이드’는 해운산업에서의 경쟁력 강화의 이점이 있다"
6757,"하이트진로는 최근 소주 판매가 급성장 중인 유럽 시장 성장에 박차를 가하기 위해 영국 대표 뮤직페스티벌을 후원하고, 프랜차이즈 식당과 협업하는 등 적극적인 마케팅 활동에 나선다고 22일 밝혔다"
6758,
6759,이번 사업은 농협은행이 2020년부터 추진해 온 디지털금융 플랫폼 전환의 마지막 단계다
6760,신용정보원 관계자는 “이번 행사가 핀테크 및 금융산업의 혁신에 새로운 방향을 제시할 것으로 기대한다”며 “데이터 경제 시대에 새로운 금융 비즈니스 도입·개발에 있어 AI 활용 가능성의 지평을 넓히는 데 도움이 되기를 바란다”고 말했다
6761,"롯데칠성음료는 칠성사이다, 콘트라베이스, 칸타타 등 제품에 대해 환경성적표지 인증을 획득, 운영 중이다"
6762,"LNG 운반선, 전 세계 발주량의 87% 수주"
6763,때문에 멕시코와 무역협정이 체결되지 않은 우리나라의 포스코 등 철강 기업에 대한 타격이 불가피할 것으로 보인다
6764,올 추석 한우세트를 기획한 노승민 이마트 한우 바이어는 “올 추석 기존 인기 한우세트의 가격 인하와 동시에 10만원대 가성비 한우세트를 신규 론칭하여 한우 명절세트 역대 최고 실적을 목표로 한다”고 했다. 이어 “고객으로부터 ‘이번 추석 이마트 한우세트 맛도 가격도 모두 좋다’는 얘기를 들을 수 있도록 남은 기간 선물세트 생산에 최선을 다하겠다”고 덧붙였다
6765,일부 수요자 사이에선 입주한 지 몇 년 안 된 신축아파트는 로얄층(사람들의 선호도가 높은 층)에 탑층을 포함시키는 분위기도 있다
6766,업계 “설익은 대책” 우려 목소리
6767,"압구정 ‘현대’ 1차 전용 196㎡도 지난달 29일에는 13억1250만원(7층)에 전세 갱신 계약을, 이달 11일에는 21억원(14층)에 신규 계약을 맺었다"
6768,22일 국토교통부 실거래가 공개시스템에 따르면 태백시 동점동에 있는 동점아파트 전용 39.7㎡는 지난달 990만원에 18채가 일괄 직거래됐다
6769,18일 오후 서울 중구 명동의 한 K-마트에서 만난 중국인 직원은 “요새 중국인은 SNS(사회관계망서비스)에서 미리 제품을 검색해 와서 (원하는 것만) 딱딱 집어서 산다”며 “유명 유튜버 영상을 보고 추천 제품을 사는 경우도 많다”며 이 같이 말했다.
6770,이종혁 삼성물산 패션부문 띠어리팀장은 “남자의 첫 슈트는 첫사랑과 견줄 정도로 인생에 있어서 중요한 아이템”이라며 “의식있는 소비 태도와 정보력까지 갖춘 MZ세대가 인생 첫 슈트로 띠어리를 선택했다는 건 오랜 기간 흔들리지 않고 추구해온 브랜딩의 결과로 해석된다”고 말했다
6771,"지난해 미국 내 뚜레쥬르 점포 당 하루 매출은 전년 대비 약 20% 상승하고, 2개 이상 매장을 운영하는 다점포 가맹점 수도 절반에 달한다는 것이 CJ푸드빌의 설명이다"
6772,"그룹 계열 종합 헬스케어기업인 현대바이오랜드의 경우, 네슬레 헬스사이언스의 국내 건기식 사업 핵심 파트너로서 신규 브랜드 론칭과 영업망 구축 등 전 분야에 걸쳐 핵심 역할을 수행하게 된다"
6773,"물가수준전망(147)은 소비자물가 상승세 둔화에도 가공식품·외식 서비스 등의 체감물가가 여전히 높은 수준을 지속하고 있는 데다, 국제유가 및 농산물 가격 상승, 공공요금 인상 등으로 3포인트 상승했다"
6774,고용 불안정·생계비 부담 등 원인
6775,기부자 발굴·금융 솔루션 제공
6776,"은행권 관계자는 “미 국채 금리의 상승 여파도 이미 반영된 상황, 국내 국채 발행 이슈가 생긴다면 대출금리는 더 직접적인 상승 압박을 받을 것”이라고 말했다"
6777,LS와 L&F는 신설회사를 중심으로 전후방 시장에서 ‘황산니켈 및 황산코발트(LS 계열회사 생산)→전구체(신설회사 생산)→양극재(L&F 생산)’로 이어지는 이차전지 산업의 가치 사슬(Value Chain)을 구축하겠다고 밝혔다
6778,풀무원푸드앤컬처 운영 비건 레스토랑…‘LG 틔운 미니’ 8대 설치
6779,"외국인이 선물 매도로 대외 위험에 대응하고 있는 가운데, 기관이 해당 물량을 받아 차익거래에 나선 것으로 풀이된다"
6780,초전도체주 92~99% 달해
6781,7월 68만세대 신청 절반 절약 성공…총 17억원 돌려받아
6782,▶코스피 PER 16.33배...23개월 만에 최고치=22일 한국거래소에 따르면 코스피 지수 PER은 이번 달 1일 16.33배를 기록하며 연중 최고치를 기록했다
6783,"22일 코스콤 체크에 따르면, 이달 들어 순자산 규모가 가장 많이 늘어난 상위 ETF 상품은 양도성예금증서(CD) 금리와 한국 무위험지표금리(KOFR) 등을 추종하는 금리형 ETF인 것으로 나타났다"
6784,"'에너지의 날'…127만명 참여, 470MWh 전기 절약 기대"
6785,하림·동원·LX·獨 하팍로이드
6786,이수진 더불어민주당 의원이 ‘물가가 오르는 상황에 뒤에서는 유동성을 확대시키는 정책을 하고 있다’고 지적하자 이 총재는 “저희가 이번에 발표한 자금 조정 대출을 포함한 대출 제도 개선은 그것으로 인해 상시적으로 유동성이 나가는 제도는 아니”라며 “만기도 짧고 또 금리도 높고 유사시에 유동성을 공급하는 제도”라고 반박했다.
6787,"수원당수 A3을 설계한 업체로, 해당 단지는 무량판 기둥 325개소 중 9개소의 철근이 누락됐다. 이어담건축은 지난해 1월 인천계양 A-1BL 공동주택 설계용역(18억8779만2000원), 올해 6월 서울 쌍문역동측 도심 공공주택 복합지구 기본 설계용역(18억207만3000원)을 수주했다"
6788,"국회 기획재정위…中 리스크에는 ""늘 긴장하면서 예의주시"""
6789,“여러분이 은행에 돈을 맡기면 은행은 그 돈을 안전한 금고에 보관해두지 않았습니다...다수의 은행이 예금자가 맡긴 돈을 투기하고 무모하게 빌려주는 잘못을 범했습니다...우리 금융 시스템의 재조정에는 통화보다 더 중요하고 금보다 더 중요한 요소가 있으며 그것은 국민의 신뢰입니다.
6790,"풍수해보험은 주택, 온실, 상가·공장(소상공인)을 대상으로 정부·지방자치단체 등이 보험료를 지원하고 민영보험사가 운영하는 정책보험이다"
6791,"서정석 한은 금융통계팀장은 ""2분기 가계신용이 증가 전환한 것은 부동산시장 회복 기대감 등으로 주택거래가 회복되며 개별 주택담보대출을 중심으로 가계신용이 늘고, 판매신용이 계절적 요인으로 감소세가 둔화한 영향""이라고 설명했다"
6792,"은행 연체율을 부문별로 보면, 가계대출은 6월말 현재 0.33%로 전월말보다 0.04%포인트 내렸다"
6793,"다만 가시광선 투과율이 낮은 제품은 차량 내부 온도상승 억제에 유리할 수 있지만, 시야 확보 등 안전 운행을 위해서는 앞면·1열 유리면에 법정 가시광선 투과율 기준에 적합한 선팅필름을 시공해야 한다"
6794,"주최 측은 기존 글로벌 일자리 대전(해외취업), 외투기업 채용박람회, 외국인 유학생 채용박람회 등 3개 박람회를 ‘글로벌 탤런트 페어’로 통합해서 이번 행사를 열었다"
6795,"중흥S-클래스 에코델타시티는 부산 에코델타시티 공동 16블록에 위치하며, 지하 2층~지상 19층 14개동, 전용 84·101㎡ 총 1067가구 규모로 조성된다"
6796,‘SK 가스 서울숲’ 부지 3.3㎡ 당 1.5억에 매물로
6797,시군구 지역 고용률 역대 최고…실업률 1위 부산 금정구 '5.3%'
6798,"류진 회장은 22일 전경련회관에서 열린 취임 기자간담회에서 “전경련 부회장을 20년 간 맡아왔기 때문에 과거의 잘못들을 어떻게 하면 막을 수 있을까 고민했고, 누구보다도 그런 장치를 만들고자 했다”며 “4대 그룹도 그런 점에서 저에 대한 신임이 있어서 (잔류를) 결정하지 않았나 싶고, 그 부분에서 큰 책임감을 갖고 있다”고 말했다"
6799,"22일 삼성에 따르면 전경련 산하 한국경제연구원(한경연) 회원인 삼성전자와 삼성SDI, 삼성생명, 삼성화재 등 4곳은 전경련의 요청에 따라 준감위와 이사회의 논의를 거쳐 한경연의 한경협으로의 흡수 통합에 동의했다"
6800,한 대형마트의 과일 MD는 “복숭아는 꽃이 먼저 피고 그것이 착과돼 과실로 이어지는데 개화기 냉해 피해로 결실 수가 많이 줄어든 것으로 보고 있다”고 말했다
6801,황세운 자본시장연구원 선임연구위원은 “테마주에서 수익을 내는 사람들도 있기는 하지만 항상 성공하기는 어렵다. 테마주 투자는 굉장히 위험하다는 점을 이해할 필요가 있다”고 말했다
6802,후쿠시마 오염수의 방류가 시작되고 나면 수산물 대신 돼지고기나 닭고기 등으로 수요가 쏠릴 것으로 예상되자 축산업체들의 주가도 덩달아 오른 채 마감했다
6803,최정희 은마 재건축 초대 조합장
6804,이경민 대신증권 연구원은 22일 “이번 잭슨홀 미팅 주제 중 ‘structural shift’(구조적 변화) 부분에서 예상할 수 있듯이 구조적 변화로 인한 중립금리 상승을 명목으로 현재의 고금리 환경을 정당화할 가능성이 높다”며 “관건은 시장에서 인식하는 ‘장기화’의 기간”이라고 말했다
6805,KB증권은 삼성전자의 HBM3 신규 고객사가 올해 4∼5곳에서 내년 8∼10곳으로 늘며 향후 2년간 공급 부족이 예상되는 HBM 시장에서 점유율을 확대할 것으로 기대했다
6806,"이다은 대신증권 연구원은 22일 보고서를 통해 ""경기 우려 본질은 중국 정부의 부양 정책에도 민간 심리 개선이 부재하다는 것""이라며 ""정책이 효과를 발휘하며 경기가 회복되기 위해서는 민간의 심리 개선이 선제적으로 이루어져야 한다""고 밝혔다"
6807,"최문선 연구원은 “앞으로는 2차전지소재사업 투자가 성장의 기반이 될 것이다. 광양제철소와 마찬가지로 집중 투자를 통해 시장을 사실상 지배하고, 글로벌로 사업 영역을 확대해 자체적으로 성장할 수 있는 생태계를 구축해 나갈 것”이라고 설명했다"
6808,김 이사는 “자동화설비 수준을 지금보다 30% 더 높일 계획”이라면서도 “코오롱FnC의 정체성을 보여줄 수 있도록 더 창의적인 물류센터를 구상 중”이라고 설명했다
6809,“온·오프라인 구분 없는 ‘미래형 소형 도심 그로서리’ 목표”
6810,[헤럴드경제=신동윤 기자] 교보증권이 종합금융투자사업자 인가 조기 추진을 위해 약 2500억원을 조달하는 유상증자를 진행한다고 22일 밝혔다
6811,이는 모두 유가증권 보유에 따른 것으로 부동산신탁 등 간접적인 익스포저까지 포함해도 모두 1조원 미만이라고 금융위는 설명했다
11356,20일 관련 업계에 따르면 대형마트와 백화점은 올 추석 선물세트 사전예약 물량을 대폭 늘렸다
11357,아마존이 손바닥 인식을 활용해 결제하는 기술을 개발하고 있다는 사실은 2020년 초 밝혀졌습니다
11358,정속주행등‘곱 게’차 를모는운전자라면1 회충전으로400 ㎞후반 대거리 도가볍 게주파 할수 있을것같았다 
11359,"LG전자가 최근 경남도청 재난안전상황실에 가로 9.6m, 세로 1.35m 규모의 대형 마이크로 발광다이오드(LED) 사이니지 ‘LG 매그니트(MAGNIT)’를 설치했다고 20일 밝혔다"
11360,또 블루문은 한 달에 두 번째 뜨는 보름달을 뜻한다
11361,이단지는지하주차장무량판부분기둥9 0곳 중7 5곳에서 설계 오류 로철근 이누락된것 으로파악됐 다.이어인천가정2 A1 (공사중·임대5 10가구) 과평택소사벌 A7( 준공후 입주전 ·임대35 0가구)에서도각각6건의계약 해지신청 이들어왔다
11362,C U반기 보고서를 보면 가공식품을포함한식품매출비중 은2018년 53 %에서올해 상반기 57 .2 %로4 .2%포인트높아졌다
11363,"다른 제보자는 ""최근 최고기온이 30도를 넘어가며 날씨가 너무 더웠는데, 공장에서 습도가 80%가 넘는다고 에어컨을 틀지 않는다고 한다""고 밝혔다"
11364,'철근 누락 사태' 후폭풍에 휩싸인 한국토지주택공사(LH)가 전관 업체와의 설계·감리 용역 계약 절차를 전면 중단한 데 이어 이미 체결을 마친 계약까지 해지하기로 했다
11365,"노조 는지난해까지 최근4 년간코로나19대유행, 일본의 화이트리스트(수출 심사우대국) 제외 조치에 따른한 일경제 갈등상황등 을고려해파업 없이교섭을 마무리했 다"
11366,"20일 세븐일레븐에 따르면 올해 1~8월 닭가슴살을 중심으로 한 냉장 단백질 매출은 전년 동기 대비 두 배로 증가한 가운데, 바 형태의 단백질 상품 매출은 3배로 늘었다"
11367,"하준경 한양대 경제학부 교수는 ""중국 성장률이 4%대 아래로 내려갈 경우 한국도 반도체를 비롯한 수출 수요 감소를 겪을 수밖에 없다. 그러면 무역수지·경상수지 등에도 영향을 미치게 된다""고 말했다"
11368,중국 경제의 버팀목인 부동산 시장이 흔들리는 데다 ‘유커(游客·중국인 단체 관광객) 특수’도 기대만 못 할 것이란 전망이 나오면서다
11369,블룸버그는“첨단 기술분야에서중국 의발전을견제하
11370,"특히지난달 31 일전수 조사에서주차장 철근누락이건설사 의부실시공뿐 아니라 기본적인구조계산조차안된설계 부실 ,이를총감독해야하 는감리감독상문제점이드러났 고, 관련설계ㆍ 감리업체에 LH전관이다수취업해있는것으로확인"
11371,SK E&S관계자는 “ 가스전 개발을넘 어CCS기반 의다윈 LNG프로젝트를 추진 하게 된것 은탄소 감축에 실질적 으로기여 하는해외자원개발모델을수립 한다는데의의가 있다” 며“저탄소
11372,나정환NH투자증권연구원은“A I반도체수요를가늠 할수있 는엔 비디아의 실적이2 3일발표될 예정” 이라며“ 엔비디아 가양호한실적전망을발표하 면글로벌고 대역 메모리(
11373,전국경제인연합회는 논평에서“ 3국 파트너십을통해역사적이정표를
11374,젠지가 LoL 챔피언스 코리아(LCK) 3연패의 주인공이 됐다.
11375,"이번 한·미·일 정상회의가 3국 간 안보동맹과 경제동맹의 수준을 한 단계 더 끌어올려, 동북아 평화와 함께 첨단 산업 기술협력의 새로운 시발점이 되길 바란다"
11376,X 사용자가 기존의 차단 기능을 이용하면 특정 계정이 자신의 게시물을 보거나 팔로우하는 것을 제한할 수 있다
11377,설계·감리 용역 계약 해지 대상은 일단 LH가 아파트 지하주차장의 철근 누락 사실을 발표한 지난달 31일 이후 체결한 전관 업체들이다
11378,"이 단지는 지하주차장 무량판 부분 기둥 90곳 중 75곳에서 설계 오류로 철근이 누락된 것으로 파악됐다. 이어 인천가정2 A1(공사중, 임대 510가구)과 평택소사벌 A7(준공 후 입주 전, 임대 350가구)에서도 각각 6건의 계약 해지 신청이 들어왔다"
11379,개인투자자는 이달 들어 지난 18일까지 에코프로를 1061억원어치 순매도했다
11380,"20일 세븐일레븐에 따르면 올해 1~8월 닭가슴살을 중심으로 한 냉장 단백질 매출은 전년 동기 대비 두 배로 증가한 가운데, 바 형태의 단백질 상품 매출은 3배로 늘었다"
11381,"한국석유공사에 따르면 8월 13~17일 전국 주유소 휘발유 가격은 L당 1727.7원으로 6주째 상승, 주간 기준으로 10개월 만에 1700원을 돌파했다"
11382,현대차 노조는 지난 18일 울산공장 본관에서 열린 제17차 교섭에서 임단협 결렬을 선언했다
11383,20일 관련 업계에 따르면 대형마트와 백화점은 올 추석 선물세트 사전예약 물량을 대폭 늘렸다
11384,"공기업과 민간기업, 정책펀드 등으로 구성된 ‘팀 코리아’가 6000억원 규모의 미국 초대형 태양광 사업 수주에 성공했다"
11385,한화생명 베트남법인이 15년 만에 누적 순익 흑자를 달성했다
11386,산토스는 한편으로 다윈 북쪽 해상에서 바로사 가스전을 개발하고 있다
11387,대한항공과 아시아나항공의 올해 상반기 말 기준 부채에 해당하는 ‘미사용 마일리지’ 규모가 3조4000억원 수준으로 나타났다
11388,포스코는 임직원들이 자유롭게 복장을 선택할 수 있는 ‘자율복장제’를 전면 시행하고 기존 운영해오던 선택근로시간제를 확대한다고 20일 밝혔다
11389,중국 경제의 버팀목인 부동산 시장이 흔들리는 데다 ‘유커(游客·중국인 단체 관광객) 특수’도 기대만 못 할 것이란 전망이 나오면서다
11390,또“ 더운날씨 에에어컨 이고장난 상태로7시간동안계속수업하는 바람 에 완전히 탈진했 다” 는학원강사제보자도있었 다
11391,"이날 마이크를 잡은 오치문 카카오 노조 수석부지회장은 “김범수 센터장이 최근 국립오페라단 이사장에 임명됐다고 한다. 회사는 곪아 터지고 있는데, 외부 이미지에만 신경 쓰는 모습이 참담하다”고 목소리를 높였다"
11392,"가짜뉴스로인한피해가파급력이큰 만큼 이를식별하는것이 중요 하다는 지적도 나온다 .구정우성균관대사회학 과교수는""표현 의자유라고해서 모두 다존중 받아야 하는 것은 아니기때문에가짜 뉴스 와표현의"
11393,‘ 글라스하우스’로불리는이곳은미국 카네기홀등세계적 콘서트홀에서사용 하는메이어사운드스피커 를설치 해섬세하면서도웅장한소리 속에서진짜‘쉼’ 을 경험할수있도록 한공간이 죠
11394,"하나는 웹젠의 R2M이 모방한 리니지M의 게임 규칙인 ‘아인하사드의 축복’, 무게 시스템 등을 엔씨의 저작물로는 볼 수 없다는 점이다"
11395,만약 세 번째 경매에서 최저입찰가에 최고가 매수신고인(낙찰자)으로 선정되면 시세의 절반 정도로 아파트를 살 수 있게 되는 것이다
11396,"과세 기준에 미달하는 소액의 상속 재산을 제외한 과세 대상 총상속재산가액은 62조7269억원, 총결정세액은 19조2603억원이었다"
11397,지난해 커피 수입량은 전년대비8 .2% 늘어2 016년
11398,21일 관세청에 따르면 8월 1~20일 수출액(통관 기준 잠정치)은 278억5600만달러(37조3743억원)로 지난해 같은 기간보다 16.5% 줄었다
11399,20대 이자 미납률은 전 연령 중 가장 높았다
11400,또다른재계관계자는“이번 은전경련에가입 하는안건이아니 라기존 회원자격을이관 하는건 이기때문 에 아직 회비 납부등기관운영에대한구체적인 논의가오가지않았 다”며 “회비나기금출연에 관한사항 이결정 되면이 사회 를거쳐공시 될 것” 이라고 말했 다
11401,인민은행이2개월만에1년 만기L PR금리
11402,이날부터 '휴대폰 결제 프로모션’도 진행한다
11403,"두산에너빌리티는 이날 국방과학연구소와 ‘터빈 베인·블레이드 주조품 제작 및 후가공’ 과제를 계약하고, 연구소 측이 개발 중인 항공용 가스터빈에 쓰일 부품을 2027년까지 공급하기로 했다고 알렸다"
11404,"현대트랜시스는 이달 발표한 만족도 조사에서준중형차(기아리오)시트 2위 ,중대 형스포츠유틸리티차량(SUV·기아쏘렌토 )시트공동2위 를기록했다"
11405,오는 9월 25일부터 26일까지 앰배서더서울풀만에서 개최되는 국제 해킹대회 ‘WACON 2023’의 문제출제와 운영을 맡고 있는 Super Guesser는 팀 리더 김승현 해커를 중심으로 국내외 세계 최고 해커 25여 명이 소속된 글로벌 해커팀이다
11406,"직방 관계자는 “신규 공급이 계속 이어지고 공실도 꾸준히 늘면서 매물이 쏟아지고 있지만, 투자자는 부족한 상황”이라며 “역세권 등 입지가 좋고 지어진 지 오래되지 않은 지식산업센터 위주로 거래가 이뤄지고 있다”고 말했다"
11407,협약에 따라 두회사는 ▶네슬레 헬스사이언스건기 식브랜드 의국내 독점유통 ▶건기식소재 ·제조 기술교류 ▶케어·메디컬푸드공동개발 ·생산등협력체계 를구축한다
11408,"이날 오전 분당경찰서에 ""게임 유튜버의 채팅창에 엔씨소프트 직원을 대상으로 폭력을 예고하는 글이 게시됐다""는 신고가 접수된 데 따른 것이다"
11409,정회장은지난 6월 현대 모터스튜디오서울 에서열린 ‘포니의시간’ 전시오프닝행사에서‘ 기아도헤리티지를찾 는프로젝트 를진행중이냐’는 질문 에“기아도 삼륜차 ·브리사 등생각하고있는 부분이있는것 같다 ”고말 한바 있 다
11410,"먼저 공정무역 컨설팅 분야에서 10년 이상 경험을 지닌 클레어 리사만은 기업의 인권 경영을 위한 옥스팜 협력사례를 소개하고, 엘렌 뉴컴-링은 글로벌 지속가능성 설문조사에서 매년 상위권을 차지하고 있는 유니레버와의 파트너십에 대해 발표한다"
11411,현대자동차가 전동화와 소프트웨어 중심 자동차(SDV) 전환 등 미래 모빌리티 혁신을 위해 연구개발(R&D) 부문에서 대규모 경력직 채용에 나선다
11412,전시회 참가 이전 로마스 인더스트리즈는 2015년부터 3차례 페루(‘16. ’19)와 사업 고속단정 수출 계약을 진행한 바 있다
11413,"미국매장수를올해안에 12 0호 점까지늘리 고,오는203 0년에는 10 00개로확대한다는방침이다"
11414,"하준경 한양대 경제학부 교수는 ""중장기적으로 '탈중국화' 한다지만 당장은 중국 내수가 살아야 반도체 수출 등도 늘 수 있다. 중국은 부동산 리스크로 성장 둔화를 감내할 수밖에 없고, 한국도 리오프닝 효과를 기대하긴 어려워졌다""고 밝혔다"
11415,㈜이즈피엠피 정공주본부장은 “ ‘XR버스 1795행’은 세계유산인 수원화성에 대한 가치와 서사를 경험하게 하는 관광형 상품으로 실제 도로를 운행하고 있는 국내 최초의 모빌리티 상품이다”라며 “이동성을 가진 실감 콘텐츠로서 향후 관광뿐만 아니라 다양한 분야로 확장 시킬 계획이다”라고 밝혔다
11416,SK그룹이 21일 지식경영 플랫폼 ‘이천포럼 2023’을 열고 구성원이 주도하는 ‘딥 체인지’(근본적 혁신)의 실천 방안을 모색한다
11417,팡고지와이 유승재 개발총괄 대표는 “이번 ‘팡고 플랫폼’ 서비스 공급은 디지털 마케팅 시장에서 산재되어 있는 디지털 광고를 한 플랫폼내에서 간편하게 성과 향상을 위한 광고 운영 수치뿐 아니라 마케팅 의사 결정을 위한 자동화 리포트가 가능하도록 구축되어진 서비스 공급이라는 점에서 큰 의미가 있다. 지난 국내 성과 경험들을 통해 글로벌 시장 환경에 맞는 플랫폼을 고도화하고 있다”고 얘기했다
11418,‘전주 에코시티 한양수자인 디에스틴’은 지난달 25일 진행된 1순위 청약에서 총 110가구(특별공급 제외) 모집에 9393명이 몰리며 평균 경쟁률 85 대 1을 기록했다
11419,김씨는“ 친환경차보조금은줄었 는데충전 요금 이많이 올라 전기 차만의장점 이많이 사라졌다”며“수리비·보험료도내연기관차보다비싼편이라 고민 끝에하이브리드차를 사기로했다”고 말했다 
11420,이마트관계자는“ 추석과일물가안정을 위해대체산지를발굴하고트렌드성 혼합 선물세트물량 을확대하는방안을쓰고있 다”고말 했다 
11421,"경제정의실천시민연합(경실련)이 한국토지주택공사(LH)가 발주한 인천 검단 아파트 지하주차장 붕괴사고, LH 아파트 ‘철근 누락’과 관련해설계·감리·시공의유기적체계 가한꺼번에붕괴한 초유의 사태라며제도개선 안을 제시했다 .또대통령"
11422,"소득 300만원 미만 가구의 경우 집 선택 때 집값 등 주거비(36%)가 자녀 교육(27.2%)보다 중요하다고 한 반면, 소득 700만원 이상 가구가 자녀 교육을 1순위로 꼽은 답은 34.9%에 달했다"
11423,지난달에는고객소비데이터를분석 해동선을 개선 한‘메가
11424,"진교영 삼성전자 SAIT 사장은 “SAIT는 AI 기반으로 차세대 반도체 및 컴퓨터 비전, 컴퓨팅 시스템 등 다양한 분야에서 연구개발의 한계를 극복하고 있다”며 “삼성 AI/CE 챌린지를 통해 AI와 컴퓨터 공학 연구에 대한 국내 생태계를 강화하고, 우수 인력을 지속 발굴해 나갈 것”이라고 말했다"
11425,손무호한국 외식업중앙회정책국장 은“ 물가가올라직장인들이식사를가급적 대충때우려다보니 구내식당이나편의점간 편식 선호도가올라가는것 같다. 여느 때보다힘든현실 에놓여있어정부차원의 외식업 활성화대책이나와야 할 상황” 이라고말했다 
11426,SK텔레콤은 자체 AI 고객센터 상품에 페르소나AI의 챗봇·콜봇을 접목해 중소기업용 AICC서비스를 구독형으로 출시할 계획이다
11427,전병서중국경제금융연구소장 은“지난
11428,재계 관계자 는“이번안건은 전경련 에새로가입하 는것이 아니라기존회원 자격 을이관하는건 이기때문에회비 납부등 기관운영 에대한논의는아직오가지 않았 다”며“ 회비 나기금출연에관한 사항이 결정되면 이사회를거쳐공시될것 ”이라고말했 다
11429,"벤처기업 창업자가 외부 투자를 받아 지분율이 떨어져도 경영권을 지킬 수 있는 ‘복수의결권’ 도입과 관련한 정부 안이 마련됐지만, 현장에서는 “지나치게 문턱이 높다”는 주장이 나왔다"
11430,‘ 생성AI가
11431,일본미즈호은행의켄청 아시아 외환전략가는“예상
11432,태영건설은 방글라데시에서 10억 달러 규모의 ‘치타공 BSMSN 경제구역 용수공급 사업’의 우선사업협상권을 확보했다고 21일 밝혔다
11433,"만 19~39세, 총급여 7000만원, 종합소득 6000만원 이하 조건 충족 시 가입가능하다"
11434,또 ▶안정적·경제적 에너지 확보를 통한 국민 복지 증진 ▶해외사업 적극 추진을 통한 미래 성장 동력 확보 ▶강도 높은 자구노력으로 재무건정성 강화 ▶ESG 경영선도로 사회적 가치 실현 등 새로운 경영비전을 제시했다고 가스공사는 21일 밝혔다
11435,"직방 관계자는 “신규 공급이 계속 이어지고 공실도 꾸준히 늘면서 매물이 쏟아지고 있지만, 투자자는 부족한 상황”이라며 “역세권 등 입지가 좋고 지어진 지 오래되지 않은 지식산업센터 위주로 거래가 이뤄지고 있다”고 말했다"
11436,"CJ푸드빌은 이번 미국 100호점의 점주가 미국에서만 뚜레쥬르 매장을 5개 운영하고 있다는 점을 들어, 뚜레쥬르가 현지에서 성공적인 사업 모델로 인식되고 있다고 설명했다"
11437,"벤처기업 창업자가 외부 투자를 받아 지분율이 떨어져도 경영권을 지킬 수 있는 ‘복수의결권’ 도입과 관련한 정부 안이 마련됐지만, 현장에서는 “지나치게 문턱이 높다”는 주장이 나왔다"
11438,2분기 쿠팡의 매출은 전년 동기 대비 21% 늘어난 7조6749억원으로 이마트(7조2711억원)를 넘어섰다
11439,삼성과 SK·현대차·LG 등 재계 4대 그룹이 22일 열리는 전국경제인연합회(전경련) 임시총회에서 회원사로 복귀할 것으로 보인다
11440,"경실련은 “외국인 노동자는 의사소통이 어려워 숙련도가 떨어지고, 안전사고의 위험이 더욱 커진다”며 “건설현장이 열악해짐에 따라 부실시공, 공상처리, 재시공 등의 문제가 비일비재하게 일어나고 있으며 비용증가로 이어진다”고 밝혔다"
11441,김씨는 “친환경차 보조금은 줄었는데 충전 요금이 많이 올라 전기차만의 장점이 많이 사라졌다”며 “수리비·보험료도 내연기관차보다 비싼 편이라 고민 끝에 하이브리드차를 사기로 했다”고 말했다
11442,고용노동부와 한국산업인력공단이 개최한 이번 박람회는 일학습병행에 참여하는 특성화고·대학 등 200여 기관이 참여했다
11443,손무호 한국외식업중앙회 정책국장은 “물가가 올라 직장인들이 식사를 대충 때우려다 보니 구내식당이나 편의점 간편식 선호도가 올라가는 것 같다. 여느 때보다 힘든 현실에 정부 차원의 외식업 활성화 대책이 나와야 할 상황”이라고 말했다
11444,협약에 따라 두 회사는 ▶네슬레 헬스사이언스건기식 브랜드의 국내 독점 유통 ▶건기식 소재·제조 기술 교류 ▶케어·메디컬 푸드 공동 개발·생산 등 협력 체계를 구축한다
11445,"영화 ‘택시운전사’에서 주인공(송강호)이 몰았던 기아 ‘브리사(아래 사진)’가 단종된 지 42년 만에 복원, 전시된다"
11446,롯데마트는 기존보다 알이 적은 원물을 활용한 가성비 선물세트 물량을 30% 확대했다
11447,"삼성전자,K T,네이버, LG전자등대 기업 이대학 에AI 계약학과를개설하며인재입도선매 에나서고있지만 ,기업들의AI 수요는이제 부터 시작이 기때문.김현정IB M컨설팅 대표는 “국내 산업구조상 AI인재 육성기반이 아직은약하"
11448,단조롭던 현대차 디자인이 혁신적으로 바뀐 변곡점은 2018년 3월 제네바 모터쇼다
11449,고속 자기부상열차도
11450,"황희진 한은 통계조사팀장은 “상저하고 기대심리에 의해 경기 관련 지수가 오르고 있었는데, 최근 체감 물가가 높아지고 중국발 리스크, 반도체 경기 회복 지연 등 영향으로 소비자 심리지수가 하락했다”고 분석했다."
11451,22일 여신금융협회에 따르면 8개 전업카드사(신한·삼성·KB국민·현대·롯데·우리·하나·BC카드)의 지난달 말 기준 카드론 잔액은 35조3952억원으로 6월(34조8468억원) 대비 5483억원 증가했다
11452,원유석 대표는 “문화 예술 과항공서비스발전을 위한양사의파트너십을뜻깊게 생각한다”며 “아시아나항공의인프라 와예술 의전당의우수콘텐트 를통해 문화예술과고객들을 더쉽게 연결하 고나아가문화 예술저변확대에기여 할수있도록노력하겠다”고말했다 
11453,HL그룹은 슬로베니아 수해 피해 주민을 돕기 위해 구호금 10만 달러(약 1억3400만원)를 대한적십자사에 전달한다고 22일 밝혔다
11454,현대차그룹 글로벌 소프트웨어센터 포티투닷의 차량 사이버보안 관리 시스템이 국제표준 인증을 받았다
11455,"강준석 부산항만공사 사장은 “안전하면서도 효율적으로 컨테이너 물동량을 처리하는 부산항의 운영 노하우를 공유할 수 있는 기회를 가지게 되어 기쁘며, 향후 양국 항만 운영 및 발전을 위한 협력을 기대한다”고 말했다"
11456,"한전은 지난 11일 2분기 실적 발표 시 “2023년 말 대규모 적립금 감소와 향후 자금 조달 제한이 예상된다”고 경고음을 내면서 “재무 위기 극복을 위해 정부와의 긴밀한 협의를 통해 원가주의 원칙에 입각한 전기요금 현실화, 자금 조달 리스크 해소 등을 추진하겠다”고 밝혔다"
11457,"인텔은 자사 제품에 첨단 패키징 기술을 적용하는 것은 물론, 패키징을 포함한 후공정만 따로 떼어 고객사에 별도의 파운드리 서비스로 내놓기로 했다"
11458,서울 광화문 등 전국 주요 건축물이 22일‘에너지의날 ’을맞 아오후9시 5분 간불을 끈다 
11459,새 명칭인 한경협은 1961년 삼성그룹 창업주 고 이병철 회장 등 기업인 13명이 설립한 경제단체의 이름이다
11460,올2분기가계 신용 은지난해 2분기말 (18 68 조40 00억원) 과비교하 면 5조 600 0억원 적 어0.3% 감소 한것으로나타났다 .서 팀장은 “(이번 가계신용증가 액이)높은편 은 아니지만작지않은규모이고최근다시증가로전환된것이기때문에한국은행과 정부등관계당국 에서는GDP 대비 가계부채 비율이 더높아 지지않도록
11461,"이에 추 부총리는 ""국가재정이 녹록지 않은 상황인데 미래 세대에 빚 부담을 넘기면서 재정지출을 확대해 경기 부양하는 것이 바로 모르핀 주사""라고 반박했다."
11462,현재 한전은 지난해 말 기준으로 자본금과 적립금 합계(20조9200억원)의 5배인 104조6000억원까지 한전채를 발행할 수 있다
11463,"아이엠은 지난 4월 컨소시엄을 통해 재생에너지 솔루션 기업 에너원의 콜옵션(조기상환권)을 전량 보유·인수했으며, PGMPI와의 글로벌 협력은 에너원이 진행 중인 폐플라스틱을 활용한 스팀 생산 등의 재생에너지 사업에 시너지가 될 것으로 기대된다"
11464,역전세난과 전세 사기 등으로 보증금을 돌려받지 못한 임차인이 경매로 넘긴 주택을 직접 ‘셀프 낙찰’ 받은 경우가 많이 늘어난 것으로 나타났다
11465,"산업부는 2021년부터 개선된 수주 실적이 생산으로 본격화하고, 수주 당시 높아진 선가도 반영된 결과라고 분석했다."
11466,공하성 우석대 소방방재학과 교수는 “2020년 부산 초량 지하차도 사고 이후 자동 차단시설 설치에 나섰지만 예산 부족으로 지지부진하다”며 “상습적으로 침수가 되는 지하차도에 수위 검출기와 침수 주의 경고판 등 복수의 안전장치를 설치하는 일본 사례를 참고할 필요가 있다”고 말했다. 이어“지하공간활용은이제 ‘효율’에서‘안전 우선’ 으로패러다임이바뀌어야 한다”고 덧붙였다 
11467,"국제유가 는사우디아라비아 등의감산이슈가살아 있는 데다 ,달러화가치"
11468,세부적으로살펴보면작황 호조 로과잉공급된전복(-3. 2%) 을제외하고모든수산물물가가올랐다
11469,"문재인 정부의 부동산 대책에 대해 “주택대출에 대한 규제를 강화했지만 결과적으로 서울 아파트값이 110.4% 상승하는 등 주택가격 상승세는 5년 내내 지속됐고, 지역별 차등적으로 적용된 주택담보대출 규제는 풍선효과 등 시장왜곡을 초래했다”는 진단이 나왔다"
11470,신문협회는 의견서에서 “언론사가 생산한 뉴스 콘텐트를 생성형 AI 개발 기업이 저작권자의 사전 동의나 학습 데이터의 이용 출처 등을 명기하지 않고 활용하는 등 저작권 침해 행위가 광범위하게 발생해 뉴스 콘텐트의 가치가 훼손되고 있다”며 “저작권 보호 기반을 마련하기 위한 제도 개선 등 급변하는 디지털 환경에서의 뉴스 저작권 보호가 긴요하다”고 밝혔다
11471,22일관련업계에따르
11472,"HD현대중공업 노사가 22일 기본급 12만원 인상, 성과금 지급, 격려금 350만원 지급, 휴양시설 운영 특별예산 20억원 확보 등을 담은 올해 임금협상 잠정합의안을 마련했다"
11473,롯데스카이힐C C제주는 올하반기 부터 반려견동반 라운드를통해얻은 수익금 전액을유기견센터에기부 할예정이다
11474,이마트는이날 올해추석한우
11475,김은기삼성증권연구위원 은“최근미국경기 가워낙좋았기때문 에(1 0년만기미국국채 의)금리는연4 ~4.2 % 정도수준에서움직일것으로 예상한다 ”며“기준금리인하기대감이반영 되지않는 한이런고금리흐름은
11476,"과기정통부에 따르면 내년 주요 R&D 예산 중 10조원을 국가전략기술과 인재육성, 미래전략기술 등 혁신 R&D에 투입하기로 했다"
11477,류회장 은“기업들
11478,"윙크 BM(브랜드매니저) 장윤정 팀장은 “뷰티렌즈가 라이프스타일 전반에 스며들 일상 아이템으로 자리잡은 현재, 리뉴얼을 통해 ‘윙크’를 누구나 쉽게 이용할 수 있는 범용 플랫폼으로 재편하게 되었다. 기존 App 온라인은 물론 오프라인 현장에서도 새로운 BI를 앞세워 더 많은 고객들에게 다가갈 것”이라고 말했다"
11479,강정수 미디어스피 어박사 는“생성AI 를활용 한음원이걷잡을수없이
11480,"덕양산업은 이번 SW차종 수주 기회를 통해 먼저 기아에 최고 품질의 제품을 공급하는데 회사의 모든 역량을 집중하여 고객사와의 신뢰를 구축할 것이며, 이를 발판으로 기아에서 생산 예정인 신규 차종에 대해 추가적인 수주활동을 전개할 계획이다."
11481,김용진교수 는삼성증권이가입반대를선언하며삼성계열사중전경련에합류 하 지않은 사실을거론하 면서“그룹
11482,S&P의 이번 조치는 이달 초 무디스가 지역은행 10곳의 신용등급을 강등하면서 뉴욕멜론은행ㆍ스테이트스트리트ㆍ노던트러스트 등 대형 은행의 신용등급도 강등할 수 있다고 경고한 뒤 약 2주만에 나온 것이다
11483,"류회장은재정운용에 대해 “다시봐야할것 같다”며 “과거 에는(회비납부를 )큰 기업위주로했다면이제 는 한쪽으로치우치 지않고, 회원모두를위한조직이되는 것 이바람 ”이 라고설명하기 도했다 .이 어 “ 그동안( 회장단이) 제조업 위주였는데정보기술 (IT )과엔터테인먼 트산업이 뜨고있는 지금회장단을 다양하 고젊 게해젊은이와 소통 할수있도록할 계획”이라고밝혔다 "
11484,"한국 측 전문가가 정기적으로 국제원자력기구(IAEA) 후쿠시마 원전 현장사무소를 방문해 모니터링하고, 이상 상황 발생 시 일본 측에 즉각 방류 중단을 요청하기로 했다"
20687,올 상반기 30대 아파트 매입 비중은 26.8%로 집계 이래 가장 높았다
20688,재판부는 “사업주체가 사업지구 안에 실제로 공공시설을 설치하고 당해 사업이 준공검사를 받아 완료된 경우에 비로소 그 사업완료와 동시에 해당 공공시설을 구성하는 토지와 시설의 소유권이 관리청에 귀속된다고 봄이 상당하다”며 “공공시설을 설치하지 않은 채로 사업이 중단됐다면 관리청에 무상귀속된다고 볼 수는 없다”고 판단했다.
20689,"경제 성장률이예상 보다부진 한것은 물론 ,소비자물가상승률이전년같 은기간에비해-0. 3% 를기록하는등 디플레이션위험이부각되고 있기때문이다(그래프1 참조).여기서디플레이션이란 한나라 의소비자물가상승률 이장기간에걸쳐제로(0)혹은마이너스 레벨 에머무르는 현상 을뜻한다 .19 90년이후30년 넘게제로 물가를기록 중인 일본이 대표 적인 경우라고할수 있다 "
20690,반면큐브 를맞출 때마다돈을준첫 번째그룹은대부분휴식시간에 큐브 를하지 않 았다
20691,임성재가 미국프로골프(PGA) 투어 페덱스컵 플레이오프 2차전 BMW 챔피언십(총상금 2000만 달러) 3라운드에서 공동 11위에 올랐다
20692,"아울러 대명건설은 발주자로부터 2차례에 걸쳐 물가변동을 이유로 자신의 도급 공사대금을 증액 받았는데, 하청업체에는 법정기일 내에 이 사실을 알리지 않았고 하도급대금을 증액해 주지도 않았다"
20693,한국수자원공사가 7월 중순 집중호우 및 제6호 태풍 ‘카눈’ 등으로 인해 유입된 부유물을 신속하게 수거하고 있다
20694,"LH 관계자는 “심사 선정이 취소된 용역(11건, 648억 원)과 향후 발주할 용역에 대해서는 정책사업 수행에 차질이 없도록 전관 업체 입찰 배제를 위한 LH 계약 심사 관련 내규를 신속히 개정하고, 사업 순위 조정을 병행할 예정”이라고 밝혔다"
20695,영국 프리미어리그 토트넘 훗스퍼 소속인 손흥민 선수가 지난해 한국경제에 약 5900억 원가량의 생산유발효과를 낸 것으로 분석됐다
20696,로스코스모스 사전 분석 결과에 따르면 루나-25는 착륙 전 궤도로 전환·이동 중 문제가 발생해 계산되지 않은 궤도로 이동하며 달에 추락했다
20697,20일 한국공항공사에 따르면 올해 7월까지 김포공항 포함 전국 14개 공항에서 적발된 기내반입금지물품 건수는 53만4837건으로 지난해 같은 기간(46만5000여 건)보다 14.8% 증가했다
20698,삼성전자와 카카오게임즈는 아레스에 최신 3차원(3D) 그래픽스 응용프로그램인터페이스(API) ‘벌컨’을 적용하고 최적화 작업을 진행했다
20699,오 대표는 지역 농업기술센터와 농업마이스터대학에서 해당 기법을 배운 뒤 아버지를 설득해 이를 도입했다
20700,최근 은행권 가계대출 잔액이 넉 달 연속 늘며 사상 최대치로 증가한 상황에서 테마주에 편승한 개인의 빚투 행렬이 경제 전반의 위험 요소가 될 수 있다는 지적이 나온다
20701,권 대표는 팜에어가 만든 가격 데이터가 농산물 물가 안정에 기여할 수 있다고 보고 있다
20702,김 대표는 “컨테이너 모듈형 수직농장 ‘큐브’의 환경제어기술을 통해 기후 및 계절에 상관없이 신선한 농작물을 먹을 수 있다. 사막에서도 상추를 키울 수 있는 것”이라고 설명했다
20703,중국 부동산업계의 채무불이행(디폴트) 리스크로 세계 경제의 위기감이 고조되는 가운데 경제부처 수장들이 일요일인 20일 긴급 회동을 갖고 국내외 경제 상황에 대한 모니터링을 강화하기로 했다
20704,"중국 경제가 디플레이션 진입, 부동산업체 채무불이행(디폴트) 위기 및 금융시장 전이 가능성 등 총체적 난국에 빠진 가운데 지난 40년 동안 중국의 급격한 성장을 이끈 사회간접자본(SOC) 투자 등 건설 위주의 성장모델이 더 이상 지속되기 힘들다는 전망이 나왔다"
20705,중국의 이번 무력시위는 한미일 3국 정상이 캠프 데이비드 정상회의에서 국제법과 규칙에 기반한 국제질서를 저해하는 국가로 중국을 꼽으면서 양안(兩岸·중국과 대만) 문제의 평화적 해결을 촉구한 것에 대한 반발로 보인다
20706,"다른 방법으로 보증금을 변제받을 수 있거나, 집주인의 전세사기 의도 등을 입증하지 못해 피해자로 인정받지 못한 세입자도 379명 나왔다"
20707,"이들 중 가장 많은 1억2100만 원을 수령한 A 씨는 2018년 같은 부서 부하 직원을 성희롱해 1계급 강등 징계를 받고, 3개월 직무 배제와 48개월의 승진 제한 처분을 받았지만 징계 기간인 2021년 퇴직했다"
20708,"계약 해지 대상은 철근 누락 아파트 명단을 발표한 지난달 31일 이후 체결한 설계·감리 용역 중 전관업체가 참여한 것으로 파악된 11건, 총 648억 원 규모다"
20709,20일 한국공항공사에 따르면 올해 7월까지 김포공항을 포함해 전국 14개 공항에서 적발된 기내 반입 금지 물품 건수는 53만4837건으로 지난해 같은 기간(46만5000여 건)보다 14.8% 증가했다
20710,선두에게 두 타 뒤진 공동 3위로 4라운드를 시작한 한진선은 7번홀(파4)에서 약 147m 거리 샷이글로 단독 선두에 올랐다
20711,서울시는 남대문시장 고도 제한을 완화하는 내용의 ‘국가지정문화재 역사문화환경 보존지역 건축행위 허용기준 조정안’을 다음 달 문화재청에 건의할 방침이라고 20일 밝혔다
20712,인천항 스마트 공동물류센터는 화물의 보관·관리·배송 등에 빅데이터 및 자동화 기술을 접목하는 사업이다
20713,16일 프랑스 파리 도심의 재고 처리 매장 ‘프리마프리’에서 장을 보던 클리오 드 앙젤리스 씨는 “요즘 대형마트는 너무 비싸서 거의 가지 않는다”며 이같이 말했다
20714,19일 오후 부산도시철도 1호선 서면역 대합실에서 만난 대학생 김장선 씨(24)는 부산시의 대중교통 요금 인상안에 대해 “돈 몇백 원이 문제가 아니라 물가가 너무 한꺼번에 오르는 게 문제”라며 이같이 말했다
20715,20일 금융권에 따르면 신한은행이 판매한 영국 신재생에너지발전소 대출 투자 펀드가 지난해 7월 만기를 맞았지만 환매가 중단됐다
20716,영국 프리미어리그 토트넘 홋스퍼 소속인 손흥민 선수(사진)가 지난해 한국 경제에 약 5900억 원의 생산 유발 효과를 낸 것으로 분석됐다
20717,최근 열린 ‘2023 대한민국 우리술 품평회’에서 대상인 농림축산식품부 장관상을 받은 것. 라봉은 전남지역 업체에서 출품한 제품 가운데 유일하게 수상의 영예를 안았다
20718,광주시는 수입 김치보다 3배 이상 비싼 국산 김치를 사용하는 외식업소의 부담을 줄이고 광주김치산업의 판로 확대를 위해 지역 외식업소에 광주산 김치 구입비를 지원할 계획이다
20719,"인도는 세계 1위 인구 국가인 데다 지난해 신차 판매량이 476만 대로 중국(2320만 대), 미국(1420만 대)에 이은 세계 3위 자동차 시장으로 급성장했다"
20720,"반면 최고금리가 2.5% 수준인 3차 금리역전기에는 금리 인상 여파로 주가 급락, 디플레이션 등이 발생했으나 실물경제 위기로는 크게 확산되지 않아 환율 불안이 크지 않았다"
20721,올 상반기에 법인세 등의 부진으로 국세 수입이 1년 전보다 40조 원 감소한 데 이어 지방세마저 덜 걷히면서 나라 전체 재정 운용에 큰 어려움이 따를 것이라는 우려가 나온다
20722,"평균 정산단가는 전력거래소에서 거래된 전력 금액을 거래량으로 나눈 값으로, 한국전력이 전력거래소로부터 전기를 구매하는 도매시장 가격을 의미한다"
20723,충북에너지산학융합원(원장 탁송수)은 충북대 이차전지 혁신융합대학사업단(단장 정상문)과 ‘이차전지 산업 융합형 첨단인재 양성을 위한 업무협약’을 했다고 20일 밝혔다
20724,사과 가격은 작년보다 약 40% 올랐고 배와 복숭아 등 여름 제철 과일도 20% 이상 뛰었다
20725,최근 은행권의 금융사고가 이어지는 가운데 금융당국은 유사 사례를 막기 위해 저축은행업계를 포함한 전 금융권의 부동산 프로젝트파이낸싱(PF) 대출 점검을 진행 중이다
20726,엔씨소프트가 ‘리니지’ 시리즈를 모방한 게임을 출시했다며 다른 게임사를 상대로 제기한 소송에서 승소하자 게임업계의 표절 논란이 다시 불거지고 있다
20727,올해 서울 아파트 청약에는 수요가 대거 몰렸지만 지방에서는 10개 단지 중 6곳 이상에서 미달이 발생하는 등 청약시장 양극화가 커지고 있는 것으로 나타났다
20728,20일 서울 강남구 슈프림스토어 도산점 앞에서 시민들이 매장 입장을 위해 줄을 서고 있다
20729,시장조사 전문업체 SNE리서치에 따르면 올해 상반기(1∼6월) 중국을 제외한 글로벌 배터리 시장에서 CATL(2위)의 점유율은 27.2%로 1위 LG에너지솔루션(28.7%)을 바짝 추격했다
20730,"콘텐츠 상세 페이지에서 VOD와 해당 VOD를 볼 수 있는 IPTV 월정액 상품 가격, 다른 OTT 서비스 구독료 등을 비교해 준다"
20731,삼성SDI가 ‘2023 테크&커리어 포럼’을 열고 석·박사급 인재 확보에 나섰다고 20일 밝혔다
20732,"전국경제인연합회는 “세법개정안의 유턴기업에 대한 세제지원 강화와 해외자원 개발투자 세액공제 도입은 해외 진출 기업의 국내 복귀를 촉진하고, 글로벌 공급망 리스크 완화에 도움을 줄 것”이라며 긍정적으로 평했다"
20733,"공기업과 민간기업, 정책펀드 등으로 구성된 ‘팀 코리아’가 미국 텍사스주에 여의도 면적 6배 규모의 태양광 단지를 짓고 운영하는 대형 사업을 수주했다"
20734,뉴욕타임스(NYT) 등에 따르면 19일(현지 시간) 미국 제너럴모터스(GM)의 자율주행 부문 자회사 크루즈는 샌프란시스코에서 운영 중인 로보 택시 운행 대수를 현재 400대에서 200대로 줄이기로 했다
20735,서울의 한 동물병원에서 SK텔레콤의 ‘엑스칼리버’가 제공한 진단 결과를 바탕으로 수의사가 강아지를 진료하고 있다
20736,"식품업계 관계자는 “최근 CM송의 인기는 쇼트폼의 인기와 관련이 높다”며 “쇼트폼에 활용하기 좋도록 같은 음원도 15초, 30초 버전을 같이 제작해 공개한다”고 말했다"
20737,대형 가전과 정보기술(IT) 가전은 연장보증보험과 파손보장보험 등을 통해 제품 사용 시 발생할 수 있는 고장에 대한 부담을 줄이고 보다 안심하고 제품을 사용할 수 있게 서비스를 제공한다
20738,"특히현재개발중인 바로사 가스전에서생산 된천연가스는다윈LNG터미널로운송하고, 이곳에서포집한 CO₂를 고갈가스전 인바유운단 에저장함 에따라 탄소포집과저장( CCS )을동시 에완성하는에너지개발사례"
20739,우선 정부가 민관협력 사업에 참여하는 중요한 동기 중 하나는 민간부문의 재원을 활용해 비용 면에서 효율성을 달성하는 것이다
20740,● 대상:
20741,17세기 조선에는 광해군이나 숙종처럼 갈등과 분열을 조장해 혼란을 야기한 왕도 있었지만 화합과 공존의 리더십을 발휘해 나라의 큰 위기를 막은 효종이나 현종 같은 왕도 있었다
20742,이미 스노우피크가 2012년 3세 경영인인 야마이 리사가 회사에 합류한 이후 2014년부터 일본 본사 차원에서도 어패럴 사업을 전개하고 있었다는 점에서 파격적인 결정이라고 할 수 있다.
20743,홍주아리향딸기영농조합 대표를 맡고 있는 김규성 씨는 2017년에 비닐하우스 1개 동(250평)에서 아리향 시범 재배를 시작했다
20744,"과학기술정보통신부 산하 정부출연연구기관인 세계김치연구소(소장 장해춘)는 대상㈜, CJ제일제당㈜과 대중소 상생 협력을 통한 EU 수출 인증 젓갈 공급 지원책을 마련해 문제를 해결했고 2021년 농림축산식품부 적극 행정 우수 사례로 선정된 바 있다. 이어 세계김치연구소는 최근 중소식품기업의 EU 수출작업장 등록을 위한 컨설팅은 물론 한국식품산업클러스터진흥원(원장 김영재)의 권역별 산학연 기술 지원 사업을 통해 지역의 김치 제조업체인 ㈜뜨레찬과 함께 EU 복합식품 인증 문제를 해결한 100% 국산 김치 5t을 생산해 헝가리에 수출했다"
20745,"전문가들은 기후변화로 인해 폭염, 폭우, 폭설, 한파 등 이상기후가 점점 더 잦아지고 심해질 것으로 진단하고 있다"
20746,진공 포장 후 0도 부근에서 20일간 숙성된 것이 가장 부드럽고 소 특유의 감칠맛이 가장 잘 살아난다고 하니 최상의 한우를 맛보고 싶다면 숙성을 시도해 보자
20747,도로교통공단 관계자는 “캠페인을 통해 보행자와 운전자 간 소통을 확산하고 더 나아가 횡단보도와 그 주변에 보행자가 있으면 손짓이 없어도 일시 정지하는 교통 문화가 정착되기 바란다”라고 말했다
20748,"모바일 운전면허증은 PASS 앱을 이용한 운전면허 확인 서비스와 달리 실물 운전면허증과 동일한 법적 효력이 부여돼 있기 때문에 항공기 탑승, 렌터카 대여, 편의점 성인 확인은 물론 금융 서비스, 정책 수당 신청 등 실명 확인이 필요한 모든 분야에서 사용할 수 있어 혁신적인 공공 서비스로 자리 잡고 있다"
20749,하지만 두산에너빌리티가 기나긴 노력 끝에 270㎿(메가와트)급 대형 발전용 가스터빈 개발에 성공했고 첫 국산 가스터빈은 김포열병합발전소에 설치됐다
20750,지방 이전 공공기관 운영 자금의 일부를 지역 금융기관이 활용할 수 있다면 지역 기업들의 자금 경색을 해소해 지역 경제 성장의 마중물 역할을 할 수 있다
20751,지능형 디지털 발전소(IDPP) 기술은 AI와 빅데이터 분석을 통해 설비의 상태를 사전에 예측하고 고장을 예방함으로써 발전소 가동률을 높이고 발전 비용(OPEX)을 최소화할 수 있다
20752,"서울라이트 DDP 2023은 이번 가을을 시작으로 12월에도 새로운 작품을 선보일 예정이며 크리스마스 특별 영상, 연말 카운트다운 행사 등 시민이 다 같이 즐길 수 있는 콘텐츠를 풍부하게 준비할 계획이다"
20753,"이번 개정안에는 수출업체가 식약처에 수출위생증명서 발급을 신청할 때 관세청에 수출 신고 후 받는 수출신고필증을 제출해야 하나, 앞으로는 필증 외 선적사실을 확인할 수 있는 서류까지 제출서류로 인정된다는 내용도 포함됐다"
20754,BNK경남은행 직원이 불법으로 차명 거래를 하다가 금융당국에 적발돼 과태료 등 제재를 받은 것으로 나타났다
20755,시간 속으로 사라졌던 삼륜차 T-600과 브리사가 기아의 헤리티지(옛날차) 프로젝트에 따라 40여 년만에 돌아왔다
20756,지난주 경유 평균 판매가격도 ℓ당 전주 대비 62.3원 상승한 1588.3원을 기록했다
20757,상황이 이렇다 보니 일각에선 정부가 세수 재추계 결과뿐만 아니라 세수 추계 모델을 함께 공개해야 한다고 지적한다
20758,20일(현지시간) 니혼게이자이신문에 따르면 세계 10개 반도체 기업의 올해 투자 규모는 전년 대비 16% 감소한 1220억달러(약164조원)로 4년 만에 줄어들 것으로 전망된다
20759,"부동산R114 백새롬 책임연구원은 “7월 서울 상급지 고가단지 위주로 가격 상승세가 뚜렷했다면, 이후 집값 회복 국면 인식 확산으로 매수심리가 개선돼 상승지역이 늘며 완만한 오름세가 이어질 것으로 전망된다”며 “연내 마이너스 변동률을 벗어나지 못했던 경기·인천지역의 아파트값도 함께 견인하며 반등지역이 더 넓어질 가능성도 높아 보인다”고 밝혔다"
20760,"한 재계 관계자는 “전경련 복귀는 의결사항은 아니지만, 기금 출연은 다른 이야기”라며 “재가입 후 중요 결정에 대해서는 이사회를 통과해야 할 것”이라고 말했다"
20761,김현 넥슨 사업총괄 부사장은 “게임스컴에서 공개하는 퍼스트 디센던트에 삼성전자의 HDR10+ 게이밍을 적용하게 돼 기쁘다”고 말했다
20762,한편 7월 수출은 전년 동월보다 16.5% 감소한 503억3000만달러를 기록했다
20763,21일 진에어에 따르면 전날(20일) 낮 12시에 승객 362명을 태우고 삿포로에서 인천으로 향할 예정이던 LJ232편이 기체이상으로 20시간 넘게 지연됐다
20764,한국타이어의 고성능 레이싱 타이어 ‘벤투스’는 낮 최고 기온 30도 중반을 넘나드는 고온의 서킷에서도 안정적인 성능을 발휘하며 람보르기니 우라칸 슈퍼 트로페오 에보2 차량을 지원했다
20765,지난해 수납가구를 구매한 2100여 명을 대상으로 제품에 대한 의견을 조사한 한샘은 ‘매일 사용하는 물건의 수납력’을 원하는 고객 의견을 반영해 ▲스테이 플러스 드레스룸 ▲유로 506 스케치 엣지 붙박이장 ▲유로 506 노엘 슬라이딩 붙박이장 등을 출시했다
20766,달러선물레버리지는 원·달러 환율과 유사한 움직임을 보이는 미국달러선물지수 일수익률의 2배를 추종하는 ETF다
20767,먼저 연구개발(R&D) 단일분야 실증을 통해 이날부터 11개 국내 기업이 △교통관리 △기체 △운항 영역에서 개발된 기술을 검증한다
20768,인터 마이애미 공동 구단주 호르헤 마스도 지난 10일 트위터에 “애플TV 플러스의 MLS 시즌 패스(MLS 중계 구독 서비스) 구독자가 메시 영입 후 2배 이상 늘었다”고 밝혔다
20769,(주)한화가 2차전지 장비투자를 위해 최대 2000억 원 규모의 ESG(환경·사회·지배구조) 채권 발행에 나선다
20770,반면 전기차주들 사이에서는 자동차세 개편이 전기차 보급을 가로막는 요소가 될 수 있는 만큼 개정 논의가 신중히 진행돼야 한다고 주장한다
20771,대법원은 “매도청구권자 모두가 재건축에 참가하지 않는 구분소유자의 구분소유권 등에 관해 반드시 공동으로 매도청구권을 행사해야 하는 것은 아니다”라며 “매도청구권에 따른 소유권이전등기 이행을 구하는 소송도 고유필수적 공동소송이 아니다”라고 판단했다
20772,특히 LG전자는 상반기 75형 이상 초대형 올레드 TV 시장에서 출하량 기준 약 64.2%로 압도적 점유율을 기록했다
20773,글로벌 시장조사기관 옴디아가 발표한 2분기 글로벌 TV시장 실적에 따르면 상반기 2500달러 이상 프리미엄 TV 시장에서 삼성전자는 네오 QLED를 앞세워 금액 기준 61.7%의 점유율을 기록했다
20774,"후분양은 아파트를 어느 정도 지은 시점에서 분양을 진행하는 만큼 입주 시기를 맞추기 위한 무리한 공기 단축을 막을 수 있고, 입주자 입장에선 주택 품질을 직접 확인한 후 구입할 수 있다"
20775,"LH는 이러한 정부의 계획을 실행하기 위해 5년간 공공분양 주택 약 31만6000가구(63%)를 공급하겠다고 밝힌 바 있지만, 최근 철근누락 사태 등으로 LH의 발주 업무가 사실상 마비되면서 이 같은 계획을 기간 내에 실행하는 것이 어려워졌다는 지적이 나온다"
20776,LG전자는 올해 상반기 75형 이상 초대형 올레드 TV 시장에서 출하량 기준 약 64.2%로 압도적 점유율을 기록했다
20777,21일 금융당국에 따르면 금융위원회는 지난 6월 국회를 통과한 불공정거래 제재 강화 자본시장법 개정안에 대한 기존 입법예고를 취소하고 내달 다시 재논의해 입법예고할 예정이다
20778,21일 국회 기획재정위원회 소속 양경숙 더불어민주당 의원이 국세청 자료를 분석한 결과 지난해 총상속·증여재산 규모는 188조4214억원으로 2017년(90조4496억원) 대비 2.08배 증가했다
20779,존 뉴퍼 SIA 회장은 “이 같은 매출 흐름은 반도체 시장이 하반기에도 반등할 것이라는 낙관적인 전망을 갖게 한다”고 밝혔다
20780,"손아름 이마트24 주류팀 팀장은 “대표적인 위스키 브랜드 짐빔이 첫 팝업스토어 오픈을 위해 이마트24와 손잡은 것은 주류 판매처로써 편의점의 입지, 영향력이 그만큼 커졌다는 의미이기도 하다. 앞으로도 유니크 한 공간과 차별화된 상품으로 주류 트렌드를 선도하는 이마트24만의 이미지를 공고히 할 수 있도록 최선을 다하겠다”고 말했다"
20781,엔씨소프트(이하 엔씨)가 자사 직원을 대상으로 한 폭력 예고 채팅으로 인해 긴급 재택근무를 실시했다
20782,따라서 농민단체는 청탁금지법 선물가액 상향 추진을 환영하면서 올해 추석부터 시행할 수 있도록 관련 논의를 서둘러야 한다고 촉구했다
20783,더 비치 푸르지오 써밋은 대우건설의 최고급 주거 브랜드 ‘푸르지오 써밋’을 비수도권 지역에 최초로 선보이는 단지다
20784,가덕신공항 전도사를 자처한 송영길 전 더불어민주당이 21일 부산시의회 브리핑룸에서 기자회견을 열고 “부산의 산업구조의 질적 전환을 위해서 가덕신공항을 신속하게 추진해야 한다”고 주장했다
20785,현대엔지니어링은 광주연구개발특구 첨단3지구에 공급하는 ‘힐스테이트 첨단센트럴’의 본격적인 청약 일정에 돌입한다고 21일 밝혔다
20786,"이와 관련 LH전북지사는 “익산 평화지구 아파트 지하주차장에 설치된 기둥 1755개를 전수 조사한 결과, 전단 보강근 3개소가 누락된 사실이 확인돼 추가 설치했다”며 “또 1개 전단 보강근에 대해서는 하중 계산이 잘못돼 보강했다”고 밝혔다"
20787,에듀테크 전문 기업 아하가 국내 최초로 구글 EDLA 인증을 받은 전자 칠판 ‘Hybrid 8600’ 시리즈를 출시한다고 21일 밝혔다
20788,"엔씨소프트가 주장하는 이 사건 각 구성요소의 선택·배열 및 조합이 전체적으로 어우러져 원고 게임 자체가 다른 게임과 구별되는 창작적 개성을 가지고 저작물로서 보호를 받을 정도에 이르렀다고 보기 어렵고, 달리 이를 인정할 증거가 없다“고 부연했다."
20789,송경란 볼보자동차코리아 고객 서비스 총괄 전무는 “대전지역 고객들에게 볼보자동차만의 스웨디시 프리미엄 서비스를 제공하기 위해 대전 전시장과 서비스센터를 확장 이전하게 됐다. 앞으로도 볼보자동차코리아는 고객 서비스 만족 1위를 수성할 수 있도록 적극적인 투자와 서비스 네트워크 확장을 지속해서 이어 나가겠다”라고 말했다
20790,"경유 판매가격 역시 큰 폭으로 올랐는데, 1600원대를 넘어선 건 지난 2월11일(1613원) 이후 6개월 만이다."
20791,한양 관계자는 “추후 분양하는 오피스텔도 아파트와 동일하게 에코시티의 인프라를 이용할 수 있다”고 전했다
20792,올해 추석부터 청탁금지법 상 명절 기간 공직자 등이 예외적으로 주고받을 수 있는 농수산물·농수산가공품 선물 상한액이 기존 20만 원에서 30만 원으로 상향된다
20793,업계는 손해를 보지 않는 자동차보험 적정손해율을 80%로 보고 있어 이 수치가 개선될수록 보험사가 보험료를 낮출 여력이 높아진다
20794,시장에서는 중국의 부동산 회사들의 채무 불이행 이슈와 높은 수준에서 유지되고 있는 미국 국채 금리 영향으로 당분간 달러 강세가 이어질 것으로 예상하면서 이번 주가 원·달러의 방향성에 대한 분수령이 될 것으로 본다
20795,"중국에서 LPR은 기준금리 역할을 하며 1년 만기는 일반대출, 5년 만기는 주택담보대출 기준으로 알려져 있다."
20796,"대표적으로 디지털 콘텐츠 기업 '스파클링 모먼트'가 운영하는 부스에서는 토끼를 형상화한 버추얼 인플루언서 '라라부'와 직접 대화를 나눠볼 수 있고, '밀레니얼웍스'가 설치한 스튜디오에서는 가상의 캐릭터를 활용해 쇼호스트, 유튜버, 웹툰 작가 등이 되어 보는 직업 체험이 가능하다"
20797,다임러 트럭 코리아는 메르세데스-벤츠 트럭을 구매하는 모든 신차 구매 고객들에게 자사 제휴 금융사의 벤츠 트럭 전용 할부 상품 이용 시 최저 연 5.95%의 특별 우대 금리를 제공한다
20798,"엔카닷컴 관계자는 “올해 7월까지의 연식 별 신규 등록 매물을 분석한 결과 전 세대를 아우르며 꾸준히 거래된 K-중고차는 아반떼였다”며 “아반떼는 국민 첫 차로 불리며 꾸준한 소비층이 있어 항상 중고차 시장에서 인기 상위에 랭크되는 모델로, 그랜저와 SM5도 중고차 시장에서 수요가 꾸준한 대표적인 모델”이라고 말했다"
20799,연합자산관리는 금융기관 부실채권의 원활한 처리를 위해 2009년 10월 국내 6개 은행의 공동출자로 설립됐다
20800,IIHS는 1959년 설립된 비영리단체로 매년 미국시장에 출시된 차량의 충돌 안정 성능과 충돌 예방 성능을 종합적으로 평가해 결과를 발표한다
20801,"맥도날드 관계자는 “맥도날드는 누구에게나 차별 없는 기회와 성장의 발판을 제공하고 있으며, 직원의 만족이 고객의 만족으로 이어진다는 일념 아래 다양한 복지 혜택을 마련하기 위해 노력하고 있다. 이번 크루 채용 주간 동안 맥도날드와 함께 성장하고자 하는 분들의 많은 지원 바란다”고 밝혔다"
20802,"한국, 미국, 대만 등에 있는 세계 반도체 상위 10개 회사의 올해 투자 합계액이 지난해보다 16% 감소할 것으로 집계됐다고 일본 니혼게이자이신문이 21일 보도했다"
20803,롤스로이스모터카는 새로운 코치빌드 모델 드롭테일을 공개하고 시리즈의 첫 번째 모델 ‘라 로즈 누아르’를 선보인다고 21일 밝혔다
20804,"클레어 웨이트 켈러는 “유니클로로부터 새로운 컬렉션 출시에 대한 제안을 받게 되어서 영광이었다. 평소 혁신적인 기술과 기능에 대한 진정성이 담긴 유니클로의 라이프웨어 디자인 철학을 높게 평가해 왔는데, 이번에 새로운 감성의 여성복 컬렉션을 유니클로와 함께 전 세계에 출시할 수 있어 매우 즐거웠다”라고 말했다"
20805,급전이 필요한 사람에게 최대 100만원을 빌려주는 소액생계비 대출의 이용 현황을 분석한 결과 20대 4명 중 1명은 이자를 제때 갚지 못하고 있는 것으로 나타났다
20806,SK하이닉스 관계자는 “HBM3를 독점적으로 양산해온 경험을 바탕으로 세계 최고 성능이 구현된 확장 버전인 HBM3E를 개발하는데 성공했다”며 “업계 최대 HBM 공급 경험과 양산 성숙도를 토대로 내년 상반기부터 HBM3E 양산을 본격화해 AI용 메모리 시장에서 독보적인 지위를 확보히 할 것”이라고 설명했다
20807,삼성·SK·현대자동차·LG 등 4대 그룹 일부 계열사가 22일 전국경제인연합회(전경련)가 한국경제연구원(한경연)을 흡수 통합해 출범하는 한국경제인협회(한경협)에 재가입한다
20808,김 씨는 국내 최초로 로봇을 100% 활용한 스마트팜을 구상하고 있다
20809,그나마 집이 경·공매로 넘어가 낙찰자가 나오면 보증금을 받을 수 있을지 모른다
20810,정부 관계자는 “중국의 반도체 수요 감소와 경기 침체 등이 겹치면서 대중 수출 감소세가 계속되고 있다”고 말했다
20811,21일 한국거래소에 따르면 이날 원-달러 환율은 전 거래일 대비 4.3원 오른 1342.6원에 마감했다
20812,조 씨는 “무턱대고 농지를 구매한 후에 집을 짓겠다고 나선 이들 중 대부분이 귀농에 실패하더라”며 “성공적인 귀농을 위해선 농사를 짓기 최소 1년 전부터는 현지에서 살다시피 하며 지역 주민들의 조언을 듣고 동시에 실전 같은 공부를 하는 게 중요하다”고 강조했다
20813,현지에서 열릴 동남아시아국가연합(ASEAN·아세안) 정상회의와 맞물려 한-인도네시아 상호 경제 협력 방안을 논의하기 위해서다
20814,삼성 SK 현대자동차 LG 등 4대 그룹 일부 계열사가 22일 전국경제인연합회(전경련)가 한국경제연구원(한경연)을 흡수 통합해 출범하는 한국경제인협회(한경협)에 재가입한다
20815,"반지하와 옥탑방을 벗어나 그저 평범한 집에서 살고 싶던 장희정 씨(40) 역시 2020년 6월 26일, 김용현과 서울 관악구 봉천동 빌라 전세 계약을 했다"
20816,"임성재와 김주형, 김시우가 21일 미국 일리노이주 올림피아필즈 컨트리클럽(파70)에서 끝난 PO 2차전 BMW 챔피언십에서 페덱스컵 랭킹 상위 30위 이내 성적을 유지하면서 투어 챔피언십 무대를 밟게 됐다"
20817,현대백화점 관계자는 “네슬레가 그룹 차원의 협력 관계를 맺는 건 한국에서 현대백화점이 처음”이라며 “양사의 제품을 한국과 글로벌 시장에 파는 등 건기식 시장 개척에 나서겠다”고 했다
20818,SK하이닉스는 새로 개발한 HBM 5세대 샘플을 엔비디아 등 고객사에 공급해 성능 검증을 진행하고 있다
20819,21일 투자은행(IB) 및 관련 업계에 따르면 LX그룹은 이날 오후 마감한 HMM 매각을 위한 예비입찰에 참여한 것으로 알려졌다
20820,21일 서민금융진흥원이 국회 정무위원회 소속 김희곤 국민의힘 의원실에 제출한 자료에 따르면 4일 기준 소액 생계비 대출을 받은 20대 이하 청년층의 이자 미납률은 24.5%였다
20821,아울러 지난해 상속 재산이 상위 1%인 자산가들의 경우 평균 2333억 원을 자식들에게 남겼고 이 가운데 1006억 원을 상속세로 납부해야 하는 것으로 분석됐다
20822,2차전지로 시작된 테마주 투자 열기가 초전도체를 거쳐 맥신(MXene)으로 옮겨붙는 양상이다
20823,21일 서울 강남구 코엑스에서 열린 ‘2023년 일·학습 병행 체험박람회’를 찾은 한 학생이 총기 조준경을 살펴보고 있다
20824,상생금융은 올 1월 시중은행 중 하나은행이 중소기업에 대한 대출 금리 인하 등을 위해 2310억 원을 지원한다고 밝힌 것을 시작으로 현재 카드사와 보험업계까지 확대됐다
20825,다만 강남3구를 제외한 서울 지역은 지난달 매매가격이 전월 대비 0.04% 하락했다
20826,에버랜드는 캐릭터 굿즈 플랫폼 ‘텐바이텐’과 협업해 한국에서 처음 태어난 판다 ‘푸바오’ 한정판 굿즈 세트를 선보인다고 21일 밝혔다
20827,21일 한국농수산식품유통공사(aT) 농산물유통정보에 따르면 명절 선물용으로 주로 쓰이는 홍로 품종 사과의 평균 도매가격은 18일 기준 10kg에 9만7920원으로 1년 전(6만6188원)보다 약 48% 올랐다
20828,반도체 업계 관계자는 “삼성 등 국내 기업들도 TSMC의 행보와 그에 따른 미국 내 여론을 잘 살펴봐야 하는 상황”이라고 말했다
20829,건조기에 인버터 히트펌프 방식을 적용했다는 점에서 이전의 세탁·건조 일체형 제품과 차별화된다
20830,삼성전자는 SAIT(옛 종합기술원)에서 10월 20일까지 국내 대학 학부생 및 대학원생을 대상으로 ‘삼성 AI/CE 챌린지 2023’을 개최한다고 21일 밝혔다
20831,비만치료제가 글로벌 제약사의 매출을 견인하는 것은 이례적인 일이다
20832,
20833,"국내 최초 구독형(SaaS) AICC 서비스를 출시한 페르소나AI의 챗봇·콜봇 상품에 SK텔레콤이 구축해 온 상담이력 시스템, 상담원 콜 분배 시스템 등을 결합해 비용 부담을 낮출 예정이다"
20834,"■ 태영건설, 방그라데시 용수공금 협상권 따내"
20835,이번 시행안 개정안에 따르면 벤처기업이 복수의결권 주식을 발행하려면 창업 후 100억 원 이상의 투자를 받아야 하며 마지막 받은 투자는 50억 원 이상이어야 한다
20836,기아는 21일부터 내년 5월까지 기아 360을 운영한다
20837,SK 관계자는 “올해 이천포럼에서 수렴할 구성원들의 목소리와 혁신 방안 등은 향후 계열사별로 최적화해 비즈니스와 일하는 방식의 ‘딥 체인지’를 가속화할 계획”이라고 말했다
20838,21일 자동차 시장조사업체 카이즈유데이터연구소에 따르면 지난달까지 국내 완성차 5개사의 소형 SUV 판매량은 9만5449대로 집계됐다
20839,《유난히 덥고 습했던 장마가 끝나고 역대급 무더위가 한창이다.
20840,"2017년 통합법인 출범 이후 시장형 펀드와 채권, 랩(Wrap) 등 환경에 맞춘 상품을 제시하는 ‘WM Transformation’(자산관리로의 전환) 전략을 지속적으로 진행한 결과라는 설명이다"
20841,미국 인플레이션감축법(IRA)의 투자세액공제(ITC) 혜택 연장과 모듈 가격 하락까지 감안하면 주택용 태양광 수요는 장기적으로 견조할 것으로 전망된다
20842,
20843,"배우자에게 15억 원 아파트를 공동 명의로 50% 증여한다면 증여재산가액은 7억5000만 원으로, 증여재산 기본공제 6억 원을 초과하는 1억5000만 원에 대해 2000만 원의 증여세(신고세액공제 전)를 납부해야 한다"
20844,"■ SK에코플랜트 파트너사, 독일 에너지 시장 진출"
20845,"서울 성동구 용답동 ‘청계SK뷰’, 전남 장성군 진원면 ‘힐스테이트첨단센트럴’, 광주 북구 신용동 ‘힐스테이트신용더리버’ 등에서 분양에 나선다"
20846,"둔산신도시 생활권 단지로 백화점, 대형마트, 영화관 등 다양한 편의 시설을 이용할 수 있다"
20847,"단지 옆에 해안로, 경강로 등이 있어 강릉 시내로의 이동이 수월하다"
20848,분양 관계자는 “동탄2신도시 내 신규 아파트 공급이 마무리 단계로 ‘동탄레이크파크 자연&e편한세상’은 합리적인 가격으로 미래 가치를 누릴 수 있는 기회”라며 “주변 시세 대비 경쟁력 있는 분양가로 공급돼 실수요자들의 관심이 높은 것이 특징”이라고 설명했다
20849,결과에 따르면 ‘전 배우자와 이혼 절차가 모두 끝난 상태에서 상대를 어떻게 평가하나’란 질문에 ‘상종 못할 사람’(남성 65.6%·여성 71.8%)이 가장 많았다
20850,권대중 명지대 부동산학과 교수는 “정부의 대대적인 부동산 규제 완화 이후 청약 문턱이 낮아지면서 상대적으로 주택 선호도가 높은 서울 지역을 중심으로 청약 수요가 살아나고 있다”며 “건설 원자잿값 인상에 따른 분양가 상승이 전망되면서 청약 수요를 끌어올리고 있다”고 설명했다
20851,"가장 눈에 띄는 점은 영화의 시작부터 ‘핵분열(fission)과 ’핵융합(fusion)‘이라는 부제로 장면을 컬러와 흑백으로 나누고 있다는 것이다. 오펜하이머가 주도한 핵분열에는 색을 입히고, 오펜하이머가 반대했던 핵융합에서는 색을 배제했다."
20852,충북도가 택시 심야할증 요율·시간대 확대 후 8개월 만에 기본요금과 거리·시간요금을 잇따라 인상하면서 택시 타기가 부담된다는 반응이 나온다
20853,엔비디아의 실적이 어떻게 나오느냐에 따라 AI 기술 관련 투자 심리가 크게 영향 받는다는 점에서 투자자들의 관심이 쏠립니다
20854,"스탠다드차타드의 글로벌 G10 외환 리서치 책임자인 스티브 잉글랜더는 FT에 “파월 의장이 다소 매파적인 중기 기준금리 정책 기조를 제시하고, 연준의 금리 인상이 끝났지만 추가 긴축 가능성을 차단하지 않으면서 조기 인하에 대한 기대를 꺾을 것”이라고 예상했다"
20855,NH투자증권은 최초 신규 고객을 대상으로 해외주식 거래 수수료를 0.09%로 우대 적용하고 첫 거래시 30달러 투자지원금을 다음 달까지 제공한다
20856,"식음료 업종의 19개 기업들 중 풀무원식품, 대상, 대한제당 등 3개 기업을 제외한 16개 기업들의 재고자산이 증가한 가운데 전년 상반기 재고자산은 3조5465억원에서 올해 4조6426억원으로 1조961억원, 30.9% 증가했다"
20857,22일 국회 국토교통위원회 소속 더불어민주당 홍기원 의원이 LH로부터 제출받은 ‘무량판 구조 보완공사단지 보상방안’ 자료에 따르면 이사비 지원 방안을 검토 중이다
20858,22일 한국부동산원 주간 아파트가격 동향을 보면 5월 초부터 상승세로 전환한 강남구 전셋값은 저번주(14일 기준) 0.13% 올라 서울 평균인 0.11%보다 높은 상승률을 나타냈다
20859,공정거래위원회는 22일 ‘하도급대금 연동 확산 지원본부의 지정 절차 등에 관한 고시’ 제정안을 마련해 이날부터 다음 달 12일까지 행정예고한다고 밝혔다
20860,교육청은 이 같은 내용을 담은 ‘2023년도 서울특별시교육청 지방공무원 9급 공개(경력)경쟁임용시험’ 최종합격자 401명의 명단을 22일 오전 10시 교육청 홈페이지(sen.go.kr)에 발표했다
20861,박 의장은 “국민의힘은 정부에 초급간부 처우 개선을 위해서는 혁신적 전환이 필요함을 강조해 왔다”며 “제도적 측면에서 군인이라는 직업의 매력을 높여야 한다는 점에 당정이 인식을 같이 했다”고 설명했다.
20862,"김 연구원은 “개별 자회사의 경쟁력 확보를 통한 질적 다각화가 중요해지는 시기이며, 사업 분야 확대 시에도 실속 있는 인수와 투자가 필요할 것으로 판단한다”면서 “사업다각화 수준에 따라 은행금융지주 간 시장지위 차별화가 가속화될 전망이다. 최근 부동산 PF 부실 확대 등에 따른 재무건전성 저하 우려와 금리상승으로 인한 자본조달비용 증가로 대형 금융사 인수부담도 상승해, 현재의 사업다각화 수준에 따라 상위 금융지주 간에도 시장지위가 차별화될 수 있다”고 내다봤다"
20863,"시가총액 기준 32조8613억원으로, 장 초반 에코프로에 시가총액 1위 자리를 내준 모습이다"
20864,농어촌공사는 ‘농산어촌지역 주민들의 보편적 삶 프로젝트’를 통해 최초로 농산어촌에 특화된 공공디자인의 개념을 정립하고 전문인력을 양성하는 등 지역 특수성을 고려한 디자인 품질개선 및 확대·전파에 기여한 점을 높이 평가받았다고 한다.
20865,대현화학공업은 아기욕조를 제조해 2019년 9월부터 2020년 11월까지 기현산업에 9만2496개를 납품했다
20866,"박수기 IT부문 부행장은 “이번 사업은 농협은행과 상호금융의 미래금융을 선도하기 위한 중요한 프로젝트로 이를 통해 더 쉽고, 더 편하고, 더 친절한 디지털금융 플랫폼을 구현할 예정”이라며 “성공적인 디지털 플랫폼 구축을 통해 ‘고객중심 초혁신 디지털뱅크’로 도약하는 농협은행이 되겠다”고 말했다"
20867,남성 구직자들은 취업하고 싶은 대기업으로 ▲SK하이닉스(14.1%) ▲LG에너지솔루션(7.6%) ▲현대자동차(7.5%) ▲네이버(7.1%) ▲LG화학(5.5%) ▲삼성SDI(4.6%) ▲LG전자(4.3%) ▲카카오(3.5%) 등을 꼽았다
20868,22일 투자은행(IB) 업계에 따르면 현대트랜시스는 2년물과 3년물로 1500억 원 규모의 회사채 발행을 추진하고 있다
20869,"서영호 아워홈 디지털 커머스부문장은 “아워홈이 40여 년간 수많은 유형의 식당을 운영하며 쌓은 노하우를 기반으로 외식 자영업자 맞춤형 식재 주문 플랫폼을 론칭했다. 밥트너의 식재 큐레이션과 레시피 매거진은 소규모 자영업자, 특히 창업을 시작한 초보 사장님에게 유용한 솔루션이 될 것으로 기대한다”라고 말했다"
20870,한편 이날 기준 12개월 만기 정기예금 금리가 가장 높은 곳은 HB·JT친애·동원제일·우리·유니온저축은행으로 연 4.5% 금리를 제공한다
20871,올해 2분기 서울 아파트 매매거래 중 상승거래가 상당수를 차지했지만 3분기에는 거래량과 집값 상승세가 주춤할 수 있다는 전망이 나온다
20872,류 회장은 총회 후 취임 기자간담회를 통해 포부와 4대그룹 전경련 재가입 등의 내용을 발표할 전망이다
20873,황정호 해외사업본부 총괄전무는 “과거 교민과 여행객 위주였던 유럽 시장이 현지인 중심 음용으로 확대되면서 소주 판매가 급성장하고 있다”며 “영국을 비롯한 유럽 내 소주 체험 기회를 넓히고 다양한 마케팅을 진행 할 예정”이라고 말했다
20874,이창용 한국은행 총재가 내년 하반기가 되야 물가가 안정세를 보일 것으로 전망했다
20875,협회는 “소비자물가 상승률이 2개월 연속 2%대를 유지했으나 국제유가 상승 등에 따른 물가상승 우려와 미국 국채금리 급등 영향으로 9월 채권시장 심리는 전월대비 보합세”라고 설명했다
20876,"추 부총리는 “불황형이라고 하려면 (수출) 물량이 줄어야 하는데 최근 증가세를 나타내고 있다”면서 “이것이 앞으로의 수출, 무역수지에 긍정적인 신호를 보내주고 있다”고 평가했다"
20877,지난해 커피 수입량이 급격히 증가한 데 따른 기저효과도 작용한 것으로 보인다
20878,"전경련은 지난 1961년 삼성 창업주 고(故) 이병철 회장 등 기업인 13명의 주도로 한경협이란 이름으로 출범했으나, 1968년 전경련으로 이름을 변경했다"
20879,"추 부총리는 이날 국회 기획재정위원회 전체회의에 출석해 ‘경제 성장률 전망치가 하락하는 상황에서 정부가 재정을 풀어 대응해야 한다’는 정태호 더불어민주당 의원 주장에 “경제 성장률을 0.1%~0.2%포인트 높이기 위해 재정을 쉽게, 방만하게 빚을 내면서 대응할 상황이 아니다”라고 밝혔다"
20880,"에리코 아리스토텔레 아우멘타도 주지사는 “‘엘 카스카디 by 제이파크 보홀’은 필리핀 최대 식품가공회사인 프로푸드 인터내셔널 (Profood International) 의 저스틴 우이 (Justin Uy) 회장이 참여하는 프로젝트로, 필리핀 내에서도 관심이 높다”며 “이번 방한을 통해 유림개발의 사업 역량과, 세계적으로 영향력을 확대해 나가고 있는 K-디벨로퍼의 선진 개발 노하우를 확인할 수 있어 뜻 깊었다”고 밝혔다"
20881,금감원은 내년부터 IFRS17(새국제회계기준)의 보험부채 할인요소인 최종관찰만기 확대와 장기선도금리 조정폭 한도 상향 등을 시작으로 오는 2026년까지 단계적으로 할인율 인하를 추진할 예정이다
20882,◆동의 없이 웹이용 기록 맞춤형 광고에 활용…1000억 과징금
20883,감소 폭은 가정의 달 등 계절 요인과 증권사의 신용공여 증가 등에 따라 전분기(-15.5조원) 대비 축소됐다.
20884,"22일 삼성 준감위가 지난 18일 임시회의를 거쳐 삼성전자 등 5개 계열사에 전달한 전경련 복귀 관련 권고안에 따르면 회비 납부 사전승인, 즉시 탈퇴 요건, 한경협 활동 내역 보고 등 3개 권고안이 포함돼 있다"
20885,"현지 공영 NHK, 지지통신 등에 따르면 일본 정부는 이날 오전 10시께 총리 관저에서 관계 각료회의를 열고 ‘24일 방류 시작’을 결정했다"
20886,이창용 총재는 22일 열린 국회 기획재정위원회 전체회의에서 한미 금리 역전폭 확대에 따른 한은의 금리 결정에 대한 홍영표 더불어민주당 의원의 질의에 “(우리나라) 기준금리는 한미 금리 격차보다는 9월 미국의 정책 금리 방향성에 영향을 받을 것”이라고 밝혔다
20887,인터파크 쇼핑을 운영하는 인터파크 커머스는 불특정 다수 고객들에게 고객센터 발신번호로 변작한 스미싱 문자가 발송된 사실이 확인됐다고 22일 밝혔다
20888,실제 인수 참여 의사를 밝혔던 SM그룹은 입찰 금액이 조달 여력을 초과하는 무리한 인수라는 판단에서 입찰을 포기한 것으로 알려졌다
20889,무등산수박 출하조합 관계자는 “지난 7월 내린 집중호우에 모종의 뿌리나 발육 상태가 좋지 않아 수박출하량이 크게 줄어들 것으로 보인다”면서 “특산물 재배 농가도 지난 1997년 34개 농가에서 올해 9개 농가로 지속 줄어 생산량에 한계가 있다”고 설명했다
20890,"여수시는 해당 아파트 관로에 물을 공급하는 죽림배수지의 수질을 분석한 결과, 탁도가 기준치인 0.5NTU를 초과한 것으로 확인됐다"
20891,경남 함안군 소재의 한국제강 공장에서 발생한 노동자 사망사고와 관련해 중대재해 처벌 등에 관한 법률 위반 등 혐의로 1심에서 실형을 선고받고 법정구속된 한국제강 대표이사 A씨의 항소심 선고 하루 전 경남 노동계가 재판부에 “책임감 있는 판결을 보여달라”는 성명을 내놨다
20892,스테판 알브레히트 벤츠코리아 사회공헌위원회 위원은 “벤츠는 자동차 산업의 지속가능한 미래를 위해 노력하는 동시에 사회적 책임을 다하는 기업으로서 어린이 환경교육을 위한 지원에도 앞장서고 있다”며 “올해는 초등학교 고학년을 대상으로 하는 교재와 교육을 추가해 다양한 연령대 학생들이 탄소중립 교육을 경험할 수 있도록 했다”고 말했다
20893,"기시다 후미오(岸田文雄) 일본 총리는 22일 우에다 가즈오(植田和男) 일본은행 총재와 회담을 하고 금융정책, 국내외 경제 상황 등에 대해 논의했다"
20894,◆글로벌 공동연구 제도 정비…R&D 사업 상대평가해 하위 20% 구조조정도 추진
20895,고용주들은 임금 인상 요구에 맞추기 위해 평균 정규직 임금을 6만9475 달러까지 올려 전년 대비 14% 높게 제시한 것으로 나타났다
20896,"스타벅스 관계자는 “매장에서 편히 쉬다 가는 고객도 있고, 장시간 공부하는 고객도 있다”며 “다양한 분들이 편안하게 매장을 이용하도록 하고 있다. 이용 시간 제한 조치는 없다”고 밝혔다"
20897,"또한 배스킨라빈스는 스페셜티 커피 전문점 ‘프츠(Fritz)’와 손을 잡고 신제품 ‘프츠 커피 아이스크림’을 선보인다. 프츠의 대표 블랜딩 원두 ‘올 드독’의 테이스팅 노트(다크 초콜릿, 흑당, 로스티드 피칸)를 재해석한 플레이버다."
20898,올해로 8회째를 맞는 R&D 기술포럼은 현대차·기아의 전문연구조직인 리서치랩을 중심으로 선행기술 연구 성과와 미래 추진 전략을 발표하고 각 분야별 기술 연계 방안을 검토하는 학술행사다
20899,추 부총리는 이날 국회 기획재정위원회에 출석해 “가계부채는 지난 정부 5년간 국제결제은행(BIS) 기준으로 2016년 말 국내총생산(GDP) 대비 87%에서 2021년 말 105%로 18%포인트(p) 폭등했다”며 이같이 밝혔다
20900,"포스코인터내셔널은 개별 민간채권평가회사 평균금리(민평금리) 기준 ±30bp(베이시스포인트, 1bp=0.01%포인트)의 금리를 제시해 2년물은 마이너스(―) 12bp, 3년물은 ―12bp, 5년물은 ―25bp에 모집 물량을 채웠다"
20901,이랜드월드 관계자는 “해당 회사채는 추가 청약을 통해 완판될 것으로 보인다”며 “2년물에 예상보다 수요가 몰려 긍정적으로 보고 있다”고 말했다
20902,국민의힘과 정부가 교통비 부담을 덜기 위해 연간 최대 21만 6000원까지 환급받을 수 있는 지하철·버스 통합 정기권 ‘K패스’를 내년 7월부터 도입하기로 했다
20903,이디야커피 관계자는 “에너지 절약 문화 확산에 도움이 되고 많은 고객들의 참여도 독려하기 위해 지난해에 이어 올해도 이번 캠페인에 적극 동참하게 됐다”며 “앞으로도 다양한 활동을 통해 기업의 사회적 책임을 다할 수 있도록 노력하겠
20904,22일 유통 업계에 따르면 배추 가격이 들썩이자 대형마트가 평년보다 이르게 김장용 절임배추 예약 판매를 진행하는 등 물량 확보에 열을 올리고 있다
20905,군 관계자는 “이번 2차 모집에 1000명 가까이 지원한 것은 청년과 신혼부부들이 주거안정에 대한 강한 열망이 있다는 객관적 증거”라며 “앞으로도 화순군은 청년층의 주거 문제와 취업 등 다양한 문제들을 해결하기 위해 노력할 것”이라고 말했다
20906,"특히 수사를 앞둔 업체들이 자체적으로 진행한 철근탐사와 달리 객관성을 담보하기 위해 안전진단 전문업체를 통해 현장조사를 진행했고, 대부분의 기둥에 철근이 누락된 사실을 통보받은 점과 해당 단지 설계사가 누락사실을 인정한 정황 등을 감안해 모든 개소에 대해 보강공사를 완료했다고 주장했다"
20907,이 소재는 차세대 ‘음이온 교환막 연료전지’에도 촉매로 쓸 수 있다는 게 연구팀의 설명이다
20908,집값 하락과 전세사기 피해가 이어지면서 자신이 거주하던 집을 경매로 낙찰받는 이른바 ‘셀프낙찰’ 세입자가 늘고 있다
20909,파주 운정역과 화성 동탄역을 연결하는 GTX-A 노선은 내년 상반기 수서~동탄 구간이 먼저 개통 예정이다. 이어 하반기 운정~서울역 구간이 뚫릴 계획이다
20910,농협중앙회와 국민권익위원회가 22일 계묘년 추석 명절을 앞두고 농협하나로마트 양재점을 방문해 농축산물 소비동향을 점검했다
20911,충격적인 요즘 술집 메뉴판‘이란 제목의 사연이 올라와 온라인상에 확산되고 있다.
20912,페라리는 미국 캘리포니아에서 열리고 있는 몬터레이 카 위크행사 기간 중 라이브 스트리밍 방식으로 이 차를 공개했다.
20913,또 하나 눈에 띄는 점은 이번 플립·폴드5도 기존에 삼성전자가 일본 출시 모델에 각인했던 ‘GALAXY(갤럭시)’ 로고 대신 ‘SAMSUNG’ 로고를 새겼다는 것이다
20914,"우미희망재단은 국가보훈부, 초록우산어린이재단과 함께 국가유공자 후손 지원을 위한 ‘히어로즈 패밀리 프로그램’을 진행 중이다"
20915,하지만 실업급여 계산 시에는 2시간이 아닌 4시간 일한 것으로 간주돼 4시간 기준 하한액(3만784원)에 30일을 곱한 92만3520원을 받게 된다
20916,‘내포신도시 반도유보라 마크에디션’ 입주예정자협의회가 폭염 속 현장 근로자를 응원하기 위해 커피차를 보냈다
20917,"1월에서 7월까지 X의 평균 월 사용자는 457만명, 신규설치 수는 244만건, 총 사용시간은 4억 1771만 시간, 1인당 평균 사용시간은 13시간, 1인당 평균 사용일 수는 18.9일로 분석됐다"
22547,풀무원은 뮤지엄김치간이 2030세대를 대상으로 무료 김치학교 프로그램 ‘비건김치’를 운영한다고 20일 밝혔다
22548,하지만 이후 공정위가 쿠팡의 공정거래법 위반 사실이 없다고 결론을 내렸다
22549,"에스케이텔레콤에 따르면 동물병원에서 찍은 반려견 엑스레이 사진을 엑스칼리버 전용 클라우드에 올리면, 인공지능으로 질환의 위치와 비정상 소견 등 분석 결과를 15초 만에 찾아 보여준다"
22550,연합뉴스
22551,올해 상반기 17개 광역 지자체 모두 지난해보다 세수가 감소했다
22552,"엘지유플러스는 지난 2018년 국내 사업자 중 처음으로 넷플릭스와 제휴해 인터넷티브이 이용자들이 넷플릭스 콘텐츠를 볼 수 있게 했다. 이어 지난해 말에는 디즈니플러스, 티빙, 쿠팡플레이, 라프텔 등과도 제휴 범위를 넓혀 ‘멀티 오티티’ 서비스 ‘오티티 티브이’를 내놨다"
22553,엘에이치는 20일 서울 강남구 서울지역본부에서 원희룡 국토교통부 장관 주재로 열린 ‘엘에이치 용역 전관 카르텔 관련 긴급회의’에서 전관 업체와의 용역계약을 해지하겠다고 밝혔다
22554,"한지영 키움증권 연구원은 18일 보고서에서 “부동산 리스크, 수요 반등의 불투명성 같은 중국발 불확실성은 국내 증시에서 중국 익스포저(위험 노출액)가 높은 업종의 추가 변동성을 유발할 수는 있다”면서도 “엔비디아 실적 발표나 잭슨홀 미팅 같은 미국발 이벤트가 코스피의 상승 추세 복귀 여부를 결정할 것”이라고 설명했다"
22555,연합
22556,"미국 신용등급 강등과 중국 부동산 업체 파산, 물가 불안 등은 경기의 연착륙과 확장 재개, 유동성 흡수의 마무리라는 믿음을 손상시킬 만한 소식이다"
22557,김용범 해시드오픈리서치 대표(전 기획재정부 차관)는 “코로나19 봉쇄가 풀린 뒤에도 2년간이나 억눌려 있던 중국 소비가 여전히 부진한 건 보통 심각한 문제가 아니다”라며 “제1의 투자 자산이었던 부동산이 엉망이 되며 가계와 기업 모두 돈을 쓰지 않는 ‘대차대조표 불황’ 징후가 뚜렷하다”고 진단했다
22558,준감위는 2020년 이재용 부회장의 파기환송심 재판부의 주문에 따라 삼성이 만든 기구다
22559,기획재정부 핵심 관계자는 “금융시스템이 아직 발달하지 않은 중국에선 개발업체들이 금융권 차입보다는 (개인 투자자들의 자금을 받아 펀드를 운용하는) 자산운용회사나 신탁회사를 통해 자금을 조달한다. 다른 나라에 견줘 부동산 시장 둔화가 가계의 소비 부진으로 빠르게 나타나는 까닭”이라고 말했다
22560,"삼성 등 4대 그룹은 전경련 재가입은 “회장이 관여할 문제가 아니”라는 입장이지만, 전경련 탈퇴를 약속한 총수들의 책임을 계열사에 떠넘기는 것이란 지적을 피하기 어렵다"
22561,원래 하반기 출시설이 돌던 현대차 제네시스 G80 부분변경 모델은 출시 일정이 뒤로 미뤄졌다
22562,한겨레 인포그래픽팀
22563,연구팀이 맥북프로 키 입력 소리를 15㎝ 떨어진 아이폰에 녹음한 다음 인공지능에게 학습시켰더니 95% 정확도로 입력 내용을 맞혔다
22564,■ 생성 인공지능의 ‘아킬레스건’
22565,"성 명예교수는 법안이 발의된 17일 오후 국회 소통관에서 기자회견을 열어 “21세기 대한민국에서 60~70년대에 있을 법한 석탄 트럭을 운송하며 석탄발전을 돌리는 현재 상황을 정부가 인가했고 철회시키려고 하니 법이 없다고 한다”며 “국회에 묻는다. 대체 무엇을, 어떻게 할 것인가. 실질적인 기후위기 대응을 위해 조속히 입법 논의를 해달라”고 여야에 촉구했다"
22566,김준형 한국개발연구원 박사는 “다른 산업과 달리 지난해부터 자동차 수출이 좋아지고 있다”며 “차량 제조사의 여름 휴가가 이달 20일까지 수출 감소에 예년보다 큰 영향을 준 것으로 볼 수 있다”고 말했다
22567,엘지전자 제공
22568,딥브레인에이아이는 ‘에이아이 통역사’ 서비스가 사용자가 말하는 언어를 감지해 가상인간이 실시간 대화 형식의 통역 서비스를 제공한다고 설명했다
22569,기아 제공
22570,사진 에스케이브로드밴드 제공
22571,정확한 투자 규모는 밝히지 않았지만 향후 인공지능 기반 사업의 경쟁력 강화를 위해 나섰다는 설명이다.
22572,SK하이닉스 제공
22573,21일 금융투자업계에 따르면 국민연금 기금운용위원회 산하 전문위원회인 위험관리·성과보상전문위원회(성보위)는 최근 회의를 열고 운용역 성과급 지급과 관련한 규정을 개정하는 안건을 논의했다
22574,올해 상반기 최고가에 거래된 지식산업센터는 서울 금천구 가산동 ‘에이스하이엔드타워3차’로 지난 3월 전용면적 701.5㎡(13층)가 50억원에 거래됐다
22575,"21일 김희곤 국민의힘 의원실이 서민금융진흥원에서 받은 소액생계비대출 이용 현황 자료를 보면, 상품이 출시된 지난 3월27일부터 6월30일까지 20대 차주(19살 포함)에게 나간 대출 8931건 중 이달 4일까지 이자를 내지 않은 경우는 2190건으로 전체의 24.5%를 차지했다"
22576,금감원 제공
22577,"카카오모빌리티는 지난 7월19일 택시 서비스 중 일반 호출 서비스를 제외한 블랙, 모범, 벤티, 블루, 펫 등 일부 택시 서비스에 팁을 줄 수 있는 기능을 시범 도입했다"
22578,"최근 하락세를 이어가던 증시는 소폭 반등했지만, 미국 국채금리 상승에 따른 달러화 강세와 중국 부동산 우려 속에서 당분간 원화와 국내 증시의 약세는 계속될 것으로 보인다"
22579,본사의 잘못된 안내로 가을·겨울 상품의 상당수가 재고가 쌓이자 ‘아디다스 전국 점주협의회’는 지난해 12월30일부터 수차례 본사에 공문을 보내 “가을·겨울 상품 재고에 대한 반품·환불을 진행해달라”고 요구했다
22580,지난해 상속·증여 재산 총액은 5년 전인 2017년(90조4496억원)과 비교하면 약 2.1배 불어난 규모다
22581,법원행정처의 반대로 법 개정안 초안의 핵심 조항이 삭제되면서 구체적인 부당이득 산정 방식은 시행령으로 위임된 탓이다
22582,21일 투자은행(IB)업계에 따르면 에이치엠엠 매각 주관사인 삼성증권이 이날 오후 5시까지 매각을 위한 예비입찰을 진행한 결과 동원·하림·엘엑스그룹과 독일 최대 선사인 하팍로이드 등이 참여한 것으로 알려졌다
22583,특히 부동산 위기를 겪고 있는 중국이 5년 만기 대출우대금리를 인하하지 않은 것을 놓고 의외라는 반응이 나온다
22584,"삼성증권이 이사회의 반대 의견 등을 이유로 전경련 재가입을 유보했지만, 다른 4대 그룹 계열사들은 재가입 문제는 이사회 의결 안건이 아니라는 입장이다"
22585,지난 5월 유럽연합 경쟁당국은 두 회사의 기업결합에 대한 심사보고서를 통해 “대한항공에 아시아나항공 인수로 유럽경제권(EEA)과 한국 간 여객·화물 항공 운송 서비스 시장에서의 경쟁이 제한될 수 있다는 예비 견해를 통보했다”고 밝혔다
22586,"22일 공정거래위원회가 작성한 의결서를 보면, 공정위는 환경호르몬이 초과 검출된 아기 욕조를 국가통합인증마크(KC) 인증 제품으로 광고한 대현화학공업과 기현산업을 표시광고법 위반으로 검찰에 고발했다"
22587,"22일 금융감독원 발표를 보면, 지난 6월 말 국내 은행의 원화대출 연체율은 0.35%로 1년 전보다 0.15%포인트 올랐다"
22588,이번 총회에서 한경연 흡수통합안이 통과됨에 따라 국정농단 사건 이후 전경련을 탈퇴한 4대 그룹의 15개 계열사가 한경협에 새로 가입하게 됐다
22589,황희진 한은 경제통계국 통계조사팀장은 “7월까지는 경기 전망이 개선되고 있었는데 최근 중국발 리스크가 불거지고 기대했던 수출 회복이 지연되는 영향 등으로 경기 관련 지수가 내려갔다”며 “물가 상승세는 둔화했지만 체감 물가 수준은 여전히 높아 소비 심리도 다소 위축된 것으로 보인다”고 말했다
22590,"신문협회는 우선 빅테크 기업들이 생성형 인공지능 기술 개발을 위해 뉴스 콘텐츠를 이용할 때, 그 이용 기준과 방식, 구체적인 이용 절차 등을 뉴스 콘텐츠의 저작권을 가진 언론사들과 사전에 협의해야 한다고 밝혔다"
22591,이주현 지지옥션 선임연구원은 “역전세난으로 인해 임차인의 보증금 회수를 위한 주택 경매 신청과 셀프 낙찰 건수는 당분간 증가할 전망”이라며 “임차인이 선순위인 경우에는 유찰이 거듭될 가능성이 큰 만큼 임차인이 계속 거주 의사가 있다면 보증금 이하로 직접 낙찰받는 것도 방법”이라고 말했다
22592,김정효 기자
22593,"그는 ‘한겨레’와 한 통화에서 “작업반장은 업무 도중 잠시 쉬는 60대 노동자에게도 ‘일 안 하고 노느냐’고 반말을 섞어 악을 쓰고, 조장들에게는 ‘일용직들 갈구라’거나 ‘하차(무거운 물건 내리는 곳)로 보내버리라’고 명령한다. 아무리 일용직이지만 비인간적인 대우 받으며 일 해야 하나 싶어 자괴감이 든다”고 말했다"
22594,"“각 회사에서 결정할 일이지만, 저희가 이번에 통합하면서 회원으로 남게 되는 것으로 알고 있습니다. 일단 삼성증권은 빠졌지만 나머지 기업들은 들어오지 않을까 생각합니다. 4대 그룹도 저에 대한 신임이 있어서 복귀한 것이 않니겠나 생각합니다. 그래서 큰 책임감을 가지고 그런 사건이 재발되지 않도록 윤리위원회를 새로 만들기로 했습니다.”"
22595,이번 총회에서 전경련 산하 한국경제연구원(한경연) 흡수통합안이 통과됨에 따라 국정농단 사건 이후 전경련을 탈퇴한 4대 그룹의 15개 계열사가 한경협에 새로 가입하게 됐다
22596,삼성 준감위는 “(전경련이 이름을 바꿔 출범하는) 한국경제인협회(한경협)가 약속한 싱크탱크 중심의 경제단체로서의 역할에 맞지 않는 행위를 할 경우 즉시 탈퇴할 것”을 권고하며 이같은 안을 내놨다
22597,"업권별로 보면, 예금은행의 전체 가계대출 잔액(894조5천억원)은 5조8천억원 늘어난 주담대 때문에 2분기에 4조원 증가했다"
22598,그러나 여기에 올해 영업손실 7조원이 추가되면 자본금과 적립금 합계액이 지난해 말 기준 약 21조원에서 약 14조원으로 쪼그라들며 한전채 발행 한도도 기존 발행 잔액보다도 적은 70조원으로 줄어들게 된다
